{
    "name": "eval_configs/downstream_evals/tic_wiki",
    "model": "open_lm_1b",
    "creation_date": "2025_05_30-18_45_25",
    "eval_metrics": {
        "icl": {
            "wiki_diff_20150112_20141208": 5.57882833480835,
            "wiki_diff_20150805_20150602": 5.898558616638184,
            "wiki_diff_20160204_20160113": 5.036606311798096,
            "wiki_diff_20160801_20160701": 5.4773406982421875,
            "wiki_diff_20170101_20161201": 5.180332660675049,
            "wiki_diff_20170701_20170601": 5.457720756530762,
            "wiki_diff_20180101_20171201": 5.174172401428223,
            "wiki_diff_20180901_20180320": 5.920138835906982,
            "wiki_diff_20190120_20181201": 5.557122707366943,
            "wiki_diff_20200101_20190201": 7.0142903327941895,
            "wiki_diff_20200920_20200101": 6.9424872398376465,
            "wiki_diff_20201220_20201120": 5.168647766113281,
            "wiki_diff_20210701_20210620": 4.906683444976807,
            "wiki_diff_20220101_20211201": 5.657431602478027,
            "wiki_diff_20220501_20220420": 4.987593173980713,
            "wiki_diff_20240401_20220501": 7.42861795425415,
            "wiki_unchanged_20150112_20141208": 7.4865193367004395,
            "wiki_unchanged_20150805_20150602": 7.919978141784668,
            "wiki_unchanged_20160204_20160113": 7.992778301239014,
            "wiki_unchanged_20160801_20160701": 7.9710307121276855,
            "wiki_unchanged_20170101_20161201": 7.590282440185547,
            "wiki_unchanged_20170701_20170601": 8.146127700805664,
            "wiki_unchanged_20180101_20171201": 8.174947738647461,
            "wiki_unchanged_20180901_20180320": 8.028667449951172,
            "wiki_unchanged_20190120_20181201": 7.773396015167236,
            "wiki_unchanged_20200101_20190201": 8.140447616577148,
            "wiki_unchanged_20200920_20200101": 8.21882438659668,
            "wiki_unchanged_20201220_20201120": 8.40825366973877,
            "wiki_unchanged_20210701_20210620": 8.538764953613281,
            "wiki_unchanged_20220101_20211201": 8.422914505004883,
            "wiki_unchanged_20220501_20220420": 8.769728660583496,
            "wiki_unchanged_20240401_20220501": 8.468177795410156
        }
    }
}