{
    "name": "eval_configs/downstream_evals/tic_stackexchange",
    "model": "open_lm_1b",
    "creation_date": "2025_05_30-18_29_37",
    "eval_metrics": {
        "icl": {
            "apple_20121201_20130831_ppl": 14.077930450439453,
            "apple_20130901_20140531_ppl": 15.000411033630371,
            "apple_20140601_20150331_ppl": 15.003135681152344,
            "apple_20150401_20151231_ppl": 15.307670593261719,
            "apple_20160101_20161231_ppl": 14.672870635986328,
            "apple_20170101_20180331_ppl": 14.651483535766602,
            "apple_20180401_20190930_ppl": 15.12654972076416,
            "apple_20191001_20210630_ppl": 15.776978492736816,
            "apple_20210701_20240229_ppl": 17.31284523010254,
            "codereview_20121201_20140331_ppl": 10.44749641418457,
            "codereview_20140401_20141130_ppl": 9.714338302612305,
            "codereview_20141201_20150831_ppl": 9.530646324157715,
            "codereview_20150901_20160731_ppl": 10.152796745300293,
            "codereview_20160801_20170930_ppl": 10.281676292419434,
            "codereview_20171001_20190630_ppl": 10.510130882263184,
            "codereview_20190701_20240331_ppl": 11.6342134475708,
            "electronics_20130301_20130630_ppl": 16.186372756958008,
            "electronics_20131201_20140430_ppl": 15.561013221740723,
            "electronics_20140501_20140930_ppl": 16.89181137084961,
            "electronics_20141001_20150131_ppl": 15.872139930725098,
            "electronics_20150201_20150531_ppl": 15.61093521118164,
            "electronics_20150601_20150930_ppl": 16.48453140258789,
            "electronics_20160201_20160531_ppl": 16.69053840637207,
            "electronics_20160601_20160930_ppl": 16.935556411743164,
            "electronics_20170201_20170531_ppl": 17.37293815612793,
            "electronics_20170601_20170930_ppl": 18.078466415405273,
            "electronics_20180301_20180731_ppl": 16.160097122192383,
            "electronics_20180801_20181231_ppl": 17.13115119934082,
            "electronics_20190101_20190531_ppl": 17.382230758666992,
            "electronics_20190601_20191031_ppl": 17.26328468322754,
            "electronics_20191101_20200430_ppl": 17.205827713012695,
            "electronics_20200501_20200930_ppl": 16.848783493041992,
            "electronics_20210401_20210930_ppl": 18.69660758972168,
            "electronics_20211001_20220430_ppl": 17.354385375976562,
            "electronics_20220501_20221130_ppl": 17.01641082763672,
            "electronics_20221201_20230731_ppl": 16.245609283447266,
            "electronics_20230801_20240331_ppl": 16.634567260742188,
            "english_20130601_20131031_ppl": 14.388614654541016,
            "english_20131101_20140228_ppl": 14.46582317352295,
            "english_20140301_20140531_ppl": 14.401374816894531,
            "english_20140601_20140930_ppl": 15.084247589111328,
            "english_20150101_20150430_ppl": 14.203832626342773,
            "english_20150801_20151130_ppl": 15.288796424865723,
            "english_20160401_20160831_ppl": 14.640693664550781,
            "english_20160901_20170228_ppl": 14.650107383728027,
            "english_20170301_20170930_ppl": 14.190862655639648,
            "english_20171001_20180531_ppl": 14.635833740234375,
            "english_20180601_20190131_ppl": 14.640568733215332,
            "english_20190201_20191231_ppl": 14.218494415283203,
            "english_20200101_20210331_ppl": 15.373427391052246,
            "english_20210401_20230331_ppl": 15.26552963256836,
            "gaming_20130701_20131231_ppl": 17.635879516601562,
            "gaming_20140101_20140630_ppl": 17.316619873046875,
            "gaming_20140701_20150131_ppl": 18.145832061767578,
            "gaming_20150201_20150831_ppl": 17.56844139099121,
            "gaming_20150901_20160430_ppl": 18.04865264892578,
            "gaming_20160501_20161231_ppl": 17.29998779296875,
            "gaming_20170101_20180228_ppl": 17.24724006652832,
            "gaming_20180301_20200731_ppl": 18.894014358520508,
            "gaming_20200801_20240331_ppl": 18.607526779174805,
            "math_20130501_20130531_ppl": 9.026224136352539,
            "math_20131001_20131031_ppl": 8.659847259521484,
            "math_20140301_20140331_ppl": 9.251476287841797,
            "math_20140801_20140831_ppl": 9.162192344665527,
            "math_20150101_20150131_ppl": 8.450249671936035,
            "math_20150801_20150831_ppl": 8.526183128356934,
            "math_20160201_20160229_ppl": 8.32520580291748,
            "math_20160801_20160831_ppl": 8.754839897155762,
            "math_20170101_20170131_ppl": 8.775866508483887,
            "math_20170701_20170731_ppl": 8.671250343322754,
            "math_20180101_20180131_ppl": 8.409134864807129,
            "math_20180701_20180731_ppl": 8.32004451751709,
            "math_20190101_20190131_ppl": 8.753558158874512,
            "math_20190701_20190731_ppl": 8.997132301330566,
            "math_20200101_20200131_ppl": 8.605709075927734,
            "math_20200701_20200731_ppl": 8.518455505371094,
            "math_20201201_20210131_ppl": 8.747776985168457,
            "math_20210701_20210831_ppl": 8.5291109085083,
            "math_20220201_20220430_ppl": 8.848711013793945,
            "math_20220801_20221031_ppl": 8.419666290283203,
            "math_20230201_20230430_ppl": 8.372374534606934,
            "math_20230801_20231130_ppl": 8.771225929260254,
            "math_20231201_20240229_ppl": 8.434385299682617,
            "worldbuilding_20140901_20150331_ppl": 17.04762840270996,
            "worldbuilding_20150401_20150930_ppl": 17.947895050048828,
            "worldbuilding_20151001_20160331_ppl": 17.824203491210938,
            "worldbuilding_20160401_20160831_ppl": 18.741962432861328,
            "worldbuilding_20160901_20161231_ppl": 18.08831024169922,
            "worldbuilding_20170101_20170531_ppl": 18.651037216186523,
            "worldbuilding_20170601_20171031_ppl": 18.369434356689453,
            "worldbuilding_20171101_20180430_ppl": 17.80705451965332,
            "worldbuilding_20180501_20180930_ppl": 18.603412628173828,
            "worldbuilding_20190401_20191130_ppl": 18.391695022583008,
            "worldbuilding_20191201_20200630_ppl": 19.074308395385742,
            "worldbuilding_20200701_20210331_ppl": 19.6962833404541,
            "worldbuilding_20210401_20211231_ppl": 19.610631942749023,
            "worldbuilding_20220101_20221130_ppl": 19.021268844604492,