{
    "name": "eval_configs/downstream_evals/tic_codedocs",
    "model": "open_lm_1b",
    "creation_date": "2025_05_30-17_54_08",
    "eval_metrics": {
        "icl": {
            "numpy_201706": 13.42863655090332,
            "numpy_201801": 13.575088500976562,
            "numpy_201807": 13.908927917480469,
            "numpy_201901": 14.142106056213379,
            "numpy_201907": 14.448090553283691,
            "numpy_201912": 14.859511375427246,
            "numpy_202006": 14.637711524963379,
            "numpy_202101": 14.476865768432617,
            "numpy_202106": 14.315705299377441,
            "numpy_202112": 14.027976989746094,
            "numpy_202206": 14.070661544799805,
            "numpy_202212": 13.72747802734375,
            "numpy_202306": 13.658212661743164,
            "numpy_202309": 13.65992259979248,
            "numpy_202406": 13.990694999694824,
            "numpy_202408": 13.699317932128906,
            "pytorch_202103": 14.916126251220703,
            "pytorch_202106": 16.97533416748047,
            "pytorch_202110": 17.07705307006836,
            "pytorch_202203": 17.492977142333984,
            "pytorch_202206": 17.62228775024414,
            "pytorch_202210": 17.947540283203125,
            "pytorch_202303": 17.827880859375,
            "pytorch_202310": 17.753328323364258,
            "pytorch_202401": 17.708616256713867,
            "pytorch_202404": 17.772493362426758,
            "pytorch_202407": 18.020870208740234
        }
    }
}