{
    "name": "eval_configs/downstream_evals/tic_wiki",
    "model": "open_lm_1b",
    "creation_date": "2025_03_30-21_12_16",
    "eval_metrics": {
        "icl": {
            "wiki_diff_20150112_20141208": 5.465147972106934,
            "wiki_diff_20150805_20150602": 5.789027214050293,
            "wiki_diff_20160204_20160113": 4.953513145446777,
            "wiki_diff_20160801_20160701": 5.378832817077637,
            "wiki_diff_20170101_20161201": 5.093001842498779,
            "wiki_diff_20170701_20170601": 5.35947847366333,
            "wiki_diff_20180101_20171201": 5.0826520919799805,
            "wiki_diff_20180901_20180320": 5.822799205780029,
            "wiki_diff_20190120_20181201": 5.473694801330566,
            "wiki_diff_20200101_20190201": 6.89035177230835,
            "wiki_diff_20200920_20200101": 6.828837871551514,
            "wiki_diff_20201220_20201120": 5.086494445800781,
            "wiki_diff_20210701_20210620": 4.831364631652832,
            "wiki_diff_20220101_20211201": 5.562366962432861,
            "wiki_diff_20220501_20220420": 4.917798042297363,
            "wiki_diff_20240401_20220501": 7.296884536743164,
            "wiki_unchanged_20150112_20141208": 7.415159225463867,
            "wiki_unchanged_20150805_20150602": 7.841733455657959,
            "wiki_unchanged_20160204_20160113": 7.9258012771606445,
            "wiki_unchanged_20160801_20160701": 7.908278942108154,
            "wiki_unchanged_20170101_20161201": 7.512123107910156,
            "wiki_unchanged_20170701_20170601": 8.043497085571289,
            "wiki_unchanged_20180101_20171201": 8.08837890625,
            "wiki_unchanged_20180901_20180320": 7.953314781188965,
            "wiki_unchanged_20190120_20181201": 7.695926666259766,
            "wiki_unchanged_20200101_20190201": 8.054689407348633,
            "wiki_unchanged_20200920_20200101": 8.12008285522461,
            "wiki_unchanged_20201220_20201120": 8.307273864746094,
            "wiki_unchanged_20210701_20210620": 8.42852783203125,
            "wiki_unchanged_20220101_20211201": 8.326395988464355,
            "wiki_unchanged_20220501_20220420": 8.66076946258545,
            "wiki_unchanged_20240401_20220501": 8.3836088180542
        }
    }
}