{
    "name": "eval_configs/downstream_evals/tic_codedocs",
    "model": "open_lm_1b",
    "creation_date": "2025_03_30-18_50_59",
    "eval_metrics": {
        "icl": {
            "numpy_201706": 12.106144905090332,
            "numpy_201801": 12.268742561340332,
            "numpy_201807": 12.608108520507812,
            "numpy_201901": 12.828706741333008,
            "numpy_201907": 13.206009864807129,
            "numpy_201912": 13.347725868225098,
            "numpy_202006": 13.20283031463623,
            "numpy_202101": 13.066766738891602,
            "numpy_202106": 12.960906028747559,
            "numpy_202112": 12.705384254455566,
            "numpy_202206": 12.743809700012207,
            "numpy_202212": 12.521130561828613,
            "numpy_202306": 12.46381950378418,
            "numpy_202309": 12.46497631072998,
            "numpy_202406": 12.661360740661621,
            "numpy_202408": 12.401371002197266,
            "pytorch_202103": 14.361150741577148,
            "pytorch_202106": 16.113544464111328,
            "pytorch_202110": 16.16319465637207,
            "pytorch_202203": 16.556110382080078,
            "pytorch_202206": 16.673734664916992,
            "pytorch_202210": 17.01331329345703,
            "pytorch_202303": 16.839706420898438,
            "pytorch_202310": 16.77878189086914,
            "pytorch_202401": 16.742341995239258,
            "pytorch_202404": 16.81035041809082,
            "pytorch_202407": 17.042545318603516
        }
    }
}