{
    "name": "eval_configs/downstream_evals/tic_stackexchange",
    "model": "open_lm_1b",
    "creation_date": "2025_03_30-19_26_11",
    "eval_metrics": {
        "icl": {
            "apple_20121201_20130831_ppl": 13.719694137573242,
            "apple_20130901_20140531_ppl": 14.509828567504883,
            "apple_20140601_20150331_ppl": 14.286555290222168,
            "apple_20150401_20151231_ppl": 14.651527404785156,
            "apple_20160101_20161231_ppl": 14.136297225952148,
            "apple_20170101_20180331_ppl": 14.061490058898926,
            "apple_20180401_20190930_ppl": 14.714837074279785,
            "apple_20191001_20210630_ppl": 15.194923400878906,
            "apple_20210701_20240229_ppl": 16.398828506469727,
            "codereview_20121201_20140331_ppl": 10.105606079101562,
            "codereview_20140401_20141130_ppl": 9.424407958984375,
            "codereview_20141201_20150831_ppl": 9.222856521606445,
            "codereview_20150901_20160731_ppl": 9.899271011352539,
            "codereview_20160801_20170930_ppl": 9.985861778259277,
            "codereview_20171001_20190630_ppl": 10.180082321166992,
            "codereview_20190701_20240331_ppl": 11.07888412475586,
            "electronics_20130301_20130630_ppl": 15.731179237365723,
            "electronics_20131201_20140430_ppl": 15.195053100585938,
            "electronics_20140501_20140930_ppl": 16.505752563476562,
            "electronics_20141001_20150131_ppl": 15.566374778747559,
            "electronics_20150201_20150531_ppl": 15.319940567016602,
            "electronics_20150601_20150930_ppl": 16.11747932434082,
            "electronics_20160201_20160531_ppl": 16.334735870361328,
            "electronics_20160601_20160930_ppl": 16.57561683654785,
            "electronics_20170201_20170531_ppl": 16.921165466308594,
            "electronics_20170601_20170930_ppl": 17.688383102416992,
            "electronics_20180301_20180731_ppl": 15.727617263793945,
            "electronics_20180801_20181231_ppl": 16.77834129333496,
            "electronics_20190101_20190531_ppl": 17.06085968017578,
            "electronics_20190601_20191031_ppl": 16.923362731933594,
            "electronics_20191101_20200430_ppl": 16.81692886352539,
            "electronics_20200501_20200930_ppl": 16.325923919677734,
            "electronics_20210401_20210930_ppl": 18.389772415161133,
            "electronics_20211001_20220430_ppl": 16.897974014282227,
            "electronics_20220501_20221130_ppl": 16.66604232788086,
            "electronics_20221201_20230731_ppl": 15.903389930725098,
            "electronics_20230801_20240331_ppl": 16.339460372924805,
            "english_20130601_20131031_ppl": 14.188061714172363,
            "english_20131101_20140228_ppl": 14.160715103149414,
            "english_20140301_20140531_ppl": 14.125112533569336,
            "english_20140601_20140930_ppl": 14.902474403381348,
            "english_20150101_20150430_ppl": 13.870551109313965,
            "english_20150801_20151130_ppl": 15.22813892364502,
            "english_20160401_20160831_ppl": 14.355521202087402,
            "english_20160901_20170228_ppl": 14.373472213745117,
            "english_20170301_20170930_ppl": 14.074650764465332,
            "english_20171001_20180531_ppl": 14.559781074523926,
            "english_20180601_20190131_ppl": 14.212976455688477,
            "english_20190201_20191231_ppl": 14.061482429504395,
            "english_20200101_20210331_ppl": 15.068862915039062,
            "english_20210401_20230331_ppl": 15.066583633422852,
            "gaming_20130701_20131231_ppl": 16.92603874206543,
            "gaming_20140101_20140630_ppl": 16.695446014404297,
            "gaming_20140701_20150131_ppl": 17.456993103027344,
            "gaming_20150201_20150831_ppl": 16.923742294311523,
            "gaming_20150901_20160430_ppl": 17.7736759185791,
            "gaming_20160501_20161231_ppl": 16.794403076171875,
            "gaming_20170101_20180228_ppl": 16.94269561767578,
            "gaming_20180301_20200731_ppl": 18.267696380615234,
            "gaming_20200801_20240331_ppl": 18.073833465576172,
            "math_20130501_20130531_ppl": 8.479220390319824,
            "math_20131001_20131031_ppl": 8.165492057800293,
            "math_20140301_20140331_ppl": 8.71346664428711,
            "math_20140801_20140831_ppl": 8.568310737609863,
            "math_20150101_20150131_ppl": 7.931457042694092,
            "math_20150801_20150831_ppl": 8.050987243652344,
            "math_20160201_20160229_ppl": 7.932469844818115,
            "math_20160801_20160831_ppl": 8.230691909790039,
            "math_20170101_20170131_ppl": 8.201904296875,
            "math_20170701_20170731_ppl": 8.189114570617676,
            "math_20180101_20180131_ppl": 7.911360263824463,
            "math_20180701_20180731_ppl": 7.902166366577148,
            "math_20190101_20190131_ppl": 8.199213027954102,
            "math_20190701_20190731_ppl": 8.498228073120117,
            "math_20200101_20200131_ppl": 8.08969783782959,
            "math_20200701_20200731_ppl": 7.983769416809082,
            "math_20201201_20210131_ppl": 8.204880714416504,
            "math_20210701_20210831_ppl": 8.05603313446045,
            "math_20220201_20220430_ppl": 8.371845245361328,
            "math_20220801_20221031_ppl": 7.957805633544922,
            "math_20230201_20230430_ppl": 7.936532497406006,
            "math_20230801_20231130_ppl": 8.291937828063965,
            "math_20231201_20240229_ppl": 7.9625468254089355,
            "worldbuilding_20140901_20150331_ppl": 16.8509578704834,
            "worldbuilding_20150401_20150930_ppl": 17.737592697143555,
            "worldbuilding_20151001_20160331_ppl": 17.6511173248291,
            "worldbuilding_20160401_20160831_ppl": 18.505523681640625,
            "worldbuilding_20160901_20161231_ppl": 17.87798500061035,
            "worldbuilding_20170101_20170531_ppl": 18.47740936279297,
            "worldbuilding_20170601_20171031_ppl": 18.140832901000977,
            "worldbuilding_20171101_20180430_ppl": 17.567562103271484,
            "worldbuilding_20180501_20180930_ppl": 18.435121536254883,
            "worldbuilding_20190401_20191130_ppl": 18.130859375,
            "worldbuilding_20191201_20200630_ppl": 18.769372940063477,
            "worldbuilding_20200701_20210331_ppl": 19.498876571655273,
            "worldbuilding_20210401_20211231_ppl": 19.240406036376953,
            "worldbuilding_20220101_20221130_ppl": 18.77427864074707,