{
    "name": "eval_configs/downstream_evals/tic_wiki",
    "model": "open_lm_1b",
    "creation_date": "2025_03_30-20_14_49",
    "eval_metrics": {
        "icl": {
            "wiki_diff_20150112_20141208": 5.41984748840332,
            "wiki_diff_20150805_20150602": 5.722378730773926,
            "wiki_diff_20160204_20160113": 4.890007972717285,
            "wiki_diff_20160801_20160701": 5.313852787017822,
            "wiki_diff_20170101_20161201": 5.029808521270752,
            "wiki_diff_20170701_20170601": 5.285271167755127,
            "wiki_diff_20180101_20171201": 5.0142364501953125,
            "wiki_diff_20180901_20180320": 5.741574287414551,
            "wiki_diff_20190120_20181201": 5.397695541381836,
            "wiki_diff_20200101_20190201": 6.789986610412598,
            "wiki_diff_20200920_20200101": 6.736101150512695,
            "wiki_diff_20201220_20201120": 5.029228687286377,
            "wiki_diff_20210701_20210620": 4.773325443267822,
            "wiki_diff_20220101_20211201": 5.4930806159973145,
            "wiki_diff_20220501_20220420": 4.862730026245117,
            "wiki_diff_20240401_20220501": 7.201870441436768,
            "wiki_unchanged_20150112_20141208": 7.355591297149658,
            "wiki_unchanged_20150805_20150602": 7.779870510101318,
            "wiki_unchanged_20160204_20160113": 7.848600387573242,
            "wiki_unchanged_20160801_20160701": 7.827714443206787,
            "wiki_unchanged_20170101_20161201": 7.434370994567871,
            "wiki_unchanged_20170701_20170601": 7.948403358459473,
            "wiki_unchanged_20180101_20171201": 7.986536502838135,
            "wiki_unchanged_20180901_20180320": 7.859644412994385,
            "wiki_unchanged_20190120_20181201": 7.59361457824707,
            "wiki_unchanged_20200101_20190201": 7.953682899475098,
            "wiki_unchanged_20200920_20200101": 8.021201133728027,
            "wiki_unchanged_20201220_20201120": 8.192882537841797,
            "wiki_unchanged_20210701_20210620": 8.325785636901855,
            "wiki_unchanged_20220101_20211201": 8.216005325317383,
            "wiki_unchanged_20220501_20220420": 8.555033683776855,
            "wiki_unchanged_20240401_20220501": 8.286919593811035
        }
    }
}