{
    "name": "eval_configs/downstream_evals/tic_stackexchange",
    "model": "open_lm_1b",
    "creation_date": "2025_03_30-18_45_25",
    "eval_metrics": {
        "icl": {
            "apple_20121201_20130831_ppl": 13.510371208190918,
            "apple_20130901_20140531_ppl": 14.129465103149414,
            "apple_20140601_20150331_ppl": 14.01320743560791,
            "apple_20150401_20151231_ppl": 14.334013938903809,
            "apple_20160101_20161231_ppl": 13.646212577819824,
            "apple_20170101_20180331_ppl": 13.338968276977539,
            "apple_20180401_20190930_ppl": 14.074556350708008,
            "apple_20191001_20210630_ppl": 14.674144744873047,
            "apple_20210701_20240229_ppl": 15.7265043258667,
            "codereview_20121201_20140331_ppl": 10.120806694030762,
            "codereview_20140401_20141130_ppl": 9.367791175842285,
            "codereview_20141201_20150831_ppl": 9.16252326965332,
            "codereview_20150901_20160731_ppl": 9.772720336914062,
            "codereview_20160801_20170930_ppl": 9.917259216308594,
            "codereview_20171001_20190630_ppl": 10.046562194824219,
            "codereview_20190701_20240331_ppl": 10.960653305053711,
            "electronics_20130301_20130630_ppl": 15.344583511352539,
            "electronics_20131201_20140430_ppl": 14.942587852478027,
            "electronics_20140501_20140930_ppl": 16.194664001464844,
            "electronics_20141001_20150131_ppl": 15.292230606079102,
            "electronics_20150201_20150531_ppl": 15.003260612487793,
            "electronics_20150601_20150930_ppl": 15.796737670898438,
            "electronics_20160201_20160531_ppl": 16.001197814941406,
            "electronics_20160601_20160930_ppl": 16.171199798583984,
            "electronics_20170201_20170531_ppl": 16.679574966430664,
            "electronics_20170601_20170930_ppl": 17.24265480041504,
            "electronics_20180301_20180731_ppl": 15.406168937683105,
            "electronics_20180801_20181231_ppl": 16.425058364868164,
            "electronics_20190101_20190531_ppl": 16.642086029052734,
            "electronics_20190601_20191031_ppl": 16.499841690063477,
            "electronics_20191101_20200430_ppl": 16.451335906982422,
            "electronics_20200501_20200930_ppl": 16.115638732910156,
            "electronics_20210401_20210930_ppl": 17.911401748657227,
            "electronics_20211001_20220430_ppl": 16.63214111328125,
            "electronics_20220501_20221130_ppl": 16.345104217529297,
            "electronics_20221201_20230731_ppl": 15.546459197998047,
            "electronics_20230801_20240331_ppl": 15.96393871307373,
            "english_20130601_20131031_ppl": 13.875017166137695,
            "english_20131101_20140228_ppl": 13.77383041381836,
            "english_20140301_20140531_ppl": 13.900568008422852,
            "english_20140601_20140930_ppl": 14.5464448928833,
            "english_20150101_20150430_ppl": 13.528400421142578,
            "english_20150801_20151130_ppl": 14.677775382995605,
            "english_20160401_20160831_ppl": 13.850859642028809,
            "english_20160901_20170228_ppl": 13.813863754272461,
            "english_20170301_20170930_ppl": 13.510431289672852,
            "english_20171001_20180531_ppl": 13.89469051361084,
            "english_20180601_20190131_ppl": 13.787760734558105,
            "english_20190201_20191231_ppl": 13.511778831481934,
            "english_20200101_20210331_ppl": 14.532781600952148,
            "english_20210401_20230331_ppl": 14.50134563446045,
            "gaming_20130701_20131231_ppl": 16.5301570892334,
            "gaming_20140101_20140630_ppl": 16.259552001953125,
            "gaming_20140701_20150131_ppl": 17.077301025390625,
            "gaming_20150201_20150831_ppl": 16.584535598754883,
            "gaming_20150901_20160430_ppl": 17.211851119995117,
            "gaming_20160501_20161231_ppl": 16.286998748779297,
            "gaming_20170101_20180228_ppl": 16.34754180908203,
            "gaming_20180301_20200731_ppl": 17.941570281982422,
            "gaming_20200801_20240331_ppl": 17.426965713500977,
            "math_20130501_20130531_ppl": 8.439919471740723,
            "math_20131001_20131031_ppl": 8.100112915039062,
            "math_20140301_20140331_ppl": 8.623779296875,
            "math_20140801_20140831_ppl": 8.513545036315918,
            "math_20150101_20150131_ppl": 7.876308917999268,
            "math_20150801_20150831_ppl": 7.947004795074463,
            "math_20160201_20160229_ppl": 7.852632522583008,
            "math_20160801_20160831_ppl": 8.185674667358398,
            "math_20170101_20170131_ppl": 8.20887279510498,
            "math_20170701_20170731_ppl": 8.152822494506836,
            "math_20180101_20180131_ppl": 7.833800315856934,
            "math_20180701_20180731_ppl": 7.801286697387695,
            "math_20190101_20190131_ppl": 8.18327522277832,
            "math_20190701_20190731_ppl": 8.383769989013672,
            "math_20200101_20200131_ppl": 7.992407321929932,
            "math_20200701_20200731_ppl": 7.905418872833252,
            "math_20201201_20210131_ppl": 8.089532852172852,
            "math_20210701_20210831_ppl": 7.940618991851807,
            "math_20220201_20220430_ppl": 8.239469528198242,
            "math_20220801_20221031_ppl": 7.846785545349121,
            "math_20230201_20230430_ppl": 7.865776538848877,
            "math_20230801_20231130_ppl": 8.19478702545166,
            "math_20231201_20240229_ppl": 7.892449378967285,
            "worldbuilding_20140901_20150331_ppl": 16.663700103759766,
            "worldbuilding_20150401_20150930_ppl": 17.5726375579834,
            "worldbuilding_20151001_20160331_ppl": 17.444847106933594,
            "worldbuilding_20160401_20160831_ppl": 18.382347106933594,
            "worldbuilding_20160901_20161231_ppl": 17.71265983581543,
            "worldbuilding_20170101_20170531_ppl": 18.240535736083984,
            "worldbuilding_20170601_20171031_ppl": 17.916616439819336,
            "worldbuilding_20171101_20180430_ppl": 17.334943771362305,
            "worldbuilding_20180501_20180930_ppl": 18.213911056518555,
            "worldbuilding_20190401_20191130_ppl": 17.929054260253906,
            "worldbuilding_20191201_20200630_ppl": 18.574363708496094,
            "worldbuilding_20200701_20210331_ppl": 19.258155822753906,
            "worldbuilding_20210401_20211231_ppl": 19.121417999267578,
            "worldbuilding_20220101_20221130_ppl": 18.520509719848633,