{
    "name": "eval_configs/downstream_evals/tic_codedocs",
    "model": "open_lm_1b",
    "creation_date": "2025_03_30-18_10_12",
    "eval_metrics": {
        "icl": {
            "numpy_201706": 11.878485679626465,
            "numpy_201801": 12.018393516540527,
            "numpy_201807": 12.316171646118164,
            "numpy_201901": 12.54849910736084,
            "numpy_201907": 12.781084060668945,
            "numpy_201912": 13.012964248657227,
            "numpy_202006": 12.880623817443848,
            "numpy_202101": 12.686311721801758,
            "numpy_202106": 12.599076271057129,
            "numpy_202112": 12.387723922729492,
            "numpy_202206": 12.406306266784668,
            "numpy_202212": 12.282100677490234,
            "numpy_202306": 12.222511291503906,
            "numpy_202309": 12.222197532653809,
            "numpy_202406": 12.301764488220215,
            "numpy_202408": 12.064787864685059,
            "pytorch_202103": 13.922822952270508,
            "pytorch_202106": 15.771025657653809,
            "pytorch_202110": 15.814733505249023,
            "pytorch_202203": 16.244869232177734,
            "pytorch_202206": 16.359914779663086,
            "pytorch_202210": 16.540014266967773,
            "pytorch_202303": 16.48896598815918,
            "pytorch_202310": 16.429269790649414,
            "pytorch_202401": 16.38531494140625,
            "pytorch_202404": 16.462604522705078,
            "pytorch_202407": 16.684093475341797
        }
    }
}