{
    "name": "eval_configs/downstream_evals/tic_wiki",
    "model": "open_lm_1b",
    "creation_date": "2025_03_30-17_22_07",
    "eval_metrics": {
        "icl": {
            "wiki_diff_20150112_20141208": 5.228201866149902,
            "wiki_diff_20150805_20150602": 5.485889434814453,
            "wiki_diff_20160204_20160113": 4.691845893859863,
            "wiki_diff_20160801_20160701": 5.057257175445557,
            "wiki_diff_20170101_20161201": 4.802181243896484,
            "wiki_diff_20170701_20170601": 4.982821464538574,
            "wiki_diff_20180101_20171201": 4.7514729499816895,
            "wiki_diff_20180901_20180320": 5.404797554016113,
            "wiki_diff_20190120_20181201": 5.073711395263672,
            "wiki_diff_20200101_20190201": 6.326234817504883,
            "wiki_diff_20200920_20200101": 6.211149215698242,
            "wiki_diff_20201220_20201120": 4.658829689025879,
            "wiki_diff_20210701_20210620": 4.420327186584473,
            "wiki_diff_20220101_20211201": 5.051022529602051,
            "wiki_diff_20220501_20220420": 4.504532814025879,
            "wiki_diff_20240401_20220501": 6.62495756149292,
            "wiki_unchanged_20150112_20141208": 7.081552028656006,
            "wiki_unchanged_20150805_20150602": 7.4761152267456055,
            "wiki_unchanged_20160204_20160113": 7.52110481262207,
            "wiki_unchanged_20160801_20160701": 7.496912956237793,
            "wiki_unchanged_20170101_20161201": 7.119378566741943,
            "wiki_unchanged_20170701_20170601": 7.604285717010498,
            "wiki_unchanged_20180101_20171201": 7.620488166809082,
            "wiki_unchanged_20180901_20180320": 7.497043609619141,
            "wiki_unchanged_20190120_20181201": 7.248880386352539,
            "wiki_unchanged_20200101_20190201": 7.579262733459473,
            "wiki_unchanged_20200920_20200101": 7.624578952789307,
            "wiki_unchanged_20201220_20201120": 7.7493696212768555,
            "wiki_unchanged_20210701_20210620": 7.8327531814575195,
            "wiki_unchanged_20220101_20211201": 7.739109516143799,
            "wiki_unchanged_20220501_20220420": 8.031920433044434,
            "wiki_unchanged_20240401_20220501": 7.794593334197998
        }
    }
}