{
    "name": "eval_configs/downstream_evals/tic_codedocs",
    "model": "open_lm_1b",
    "creation_date": "2025_03_30-16_07_40",
    "eval_metrics": {
        "icl": {
            "numpy_201706": 11.91933536529541,
            "numpy_201801": 12.05417251586914,
            "numpy_201807": 12.355814933776855,
            "numpy_201901": 12.579259872436523,
            "numpy_201907": 12.756269454956055,
            "numpy_201912": 12.919127464294434,
            "numpy_202006": 12.804834365844727,
            "numpy_202101": 12.601987838745117,
            "numpy_202106": 12.463074684143066,
            "numpy_202112": 12.277205467224121,
            "numpy_202206": 12.331305503845215,
            "numpy_202212": 12.090246200561523,
            "numpy_202306": 12.03426456451416,
            "numpy_202309": 12.035460472106934,
            "numpy_202406": 12.1953125,
            "numpy_202408": 11.940926551818848,
            "pytorch_202103": 11.183859825134277,
            "pytorch_202106": 12.523133277893066,
            "pytorch_202110": 12.621137619018555,
            "pytorch_202203": 12.926793098449707,
            "pytorch_202206": 13.02725887298584,
            "pytorch_202210": 13.134114265441895,
            "pytorch_202303": 13.122060775756836,
            "pytorch_202310": 13.11336612701416,
            "pytorch_202401": 13.082154273986816,
            "pytorch_202404": 13.18564510345459,
            "pytorch_202407": 13.360595703125
        }
    }
}