{
    "name": "eval_configs/downstream_evals/tic_stackexchange",
    "model": "open_lm_1b",
    "creation_date": "2025_03_30-16_42_54",
    "eval_metrics": {
        "icl": {
            "apple_20121201_20130831_ppl": 13.441091537475586,
            "apple_20130901_20140531_ppl": 13.797028541564941,
            "apple_20140601_20150331_ppl": 13.508748054504395,
            "apple_20150401_20151231_ppl": 13.567668914794922,
            "apple_20160101_20161231_ppl": 12.865799903869629,
            "apple_20170101_20180331_ppl": 12.427109718322754,
            "apple_20180401_20190930_ppl": 12.873213768005371,
            "apple_20191001_20210630_ppl": 13.294655799865723,
            "apple_20210701_20240229_ppl": 14.011539459228516,
            "codereview_20121201_20140331_ppl": 9.817896842956543,
            "codereview_20140401_20141130_ppl": 9.090805053710938,
            "codereview_20141201_20150831_ppl": 8.852304458618164,
            "codereview_20150901_20160731_ppl": 9.449328422546387,
            "codereview_20160801_20170930_ppl": 9.50547981262207,
            "codereview_20171001_20190630_ppl": 9.5598726272583,
            "codereview_20190701_20240331_ppl": 10.293390274047852,
            "electronics_20130301_20130630_ppl": 14.637147903442383,
            "electronics_20131201_20140430_ppl": 14.245490074157715,
            "electronics_20140501_20140930_ppl": 15.525304794311523,
            "electronics_20141001_20150131_ppl": 14.596923828125,
            "electronics_20150201_20150531_ppl": 14.36940860748291,
            "electronics_20150601_20150930_ppl": 15.026515007019043,
            "electronics_20160201_20160531_ppl": 15.20561695098877,
            "electronics_20160601_20160930_ppl": 15.40173053741455,
            "electronics_20170201_20170531_ppl": 15.93708610534668,
            "electronics_20170601_20170930_ppl": 16.4224910736084,
            "electronics_20180301_20180731_ppl": 14.667728424072266,
            "electronics_20180801_20181231_ppl": 15.638181686401367,
            "electronics_20190101_20190531_ppl": 15.809189796447754,
            "electronics_20190601_20191031_ppl": 15.651443481445312,
            "electronics_20191101_20200430_ppl": 15.554038047790527,
            "electronics_20200501_20200930_ppl": 15.189803123474121,
            "electronics_20210401_20210930_ppl": 16.94614028930664,
            "electronics_20211001_20220430_ppl": 15.686400413513184,
            "electronics_20220501_20221130_ppl": 15.467313766479492,
            "electronics_20221201_20230731_ppl": 14.755514144897461,
            "electronics_20230801_20240331_ppl": 15.18046760559082,
            "english_20130601_20131031_ppl": 13.379729270935059,
            "english_20131101_20140228_ppl": 13.37928295135498,
            "english_20140301_20140531_ppl": 13.338266372680664,
            "english_20140601_20140930_ppl": 14.018455505371094,
            "english_20150101_20150430_ppl": 13.031258583068848,
            "english_20150801_20151130_ppl": 14.04504108428955,
            "english_20160401_20160831_ppl": 13.22685718536377,
            "english_20160901_20170228_ppl": 13.259474754333496,
            "english_20170301_20170930_ppl": 12.76726245880127,
            "english_20171001_20180531_ppl": 13.155291557312012,
            "english_20180601_20190131_ppl": 13.069178581237793,
            "english_20190201_20191231_ppl": 12.76430892944336,
            "english_20200101_20210331_ppl": 13.679262161254883,
            "english_20210401_20230331_ppl": 13.665312767028809,
            "gaming_20130701_20131231_ppl": 15.953640937805176,
            "gaming_20140101_20140630_ppl": 15.81518840789795,
            "gaming_20140701_20150131_ppl": 16.20597267150879,
            "gaming_20150201_20150831_ppl": 15.610527992248535,
            "gaming_20150901_20160430_ppl": 16.14871597290039,
            "gaming_20160501_20161231_ppl": 15.132293701171875,
            "gaming_20170101_20180228_ppl": 15.23046588897705,
            "gaming_20180301_20200731_ppl": 16.275182723999023,
            "gaming_20200801_20240331_ppl": 15.656439781188965,
            "math_20130501_20130531_ppl": 8.804271697998047,
            "math_20131001_20131031_ppl": 8.453996658325195,
            "math_20140301_20140331_ppl": 8.991337776184082,
            "math_20140801_20140831_ppl": 8.777971267700195,
            "math_20150101_20150131_ppl": 8.228536605834961,
            "math_20150801_20150831_ppl": 8.225699424743652,
            "math_20160201_20160229_ppl": 8.070066452026367,
            "math_20160801_20160831_ppl": 8.468255996704102,
            "math_20170101_20170131_ppl": 8.406187057495117,
            "math_20170701_20170731_ppl": 8.396697044372559,
            "math_20180101_20180131_ppl": 8.087875366210938,
            "math_20180701_20180731_ppl": 8.053330421447754,
            "math_20190101_20190131_ppl": 8.477513313293457,
            "math_20190701_20190731_ppl": 8.691457748413086,
            "math_20200101_20200131_ppl": 8.279292106628418,
            "math_20200701_20200731_ppl": 8.154854774475098,
            "math_20201201_20210131_ppl": 8.393296241760254,
            "math_20210701_20210831_ppl": 8.248872756958008,
            "math_20220201_20220430_ppl": 8.554055213928223,
            "math_20220801_20221031_ppl": 8.145397186279297,
            "math_20230201_20230430_ppl": 8.087479591369629,
            "math_20230801_20231130_ppl": 8.444143295288086,
            "math_20231201_20240229_ppl": 8.090581893920898,
            "worldbuilding_20140901_20150331_ppl": 16.099212646484375,
            "worldbuilding_20150401_20150930_ppl": 16.885404586791992,
            "worldbuilding_20151001_20160331_ppl": 16.756906509399414,
            "worldbuilding_20160401_20160831_ppl": 17.641735076904297,
            "worldbuilding_20160901_20161231_ppl": 16.932636260986328,
            "worldbuilding_20170101_20170531_ppl": 17.521501541137695,
            "worldbuilding_20170601_20171031_ppl": 17.10360336303711,
            "worldbuilding_20171101_20180430_ppl": 16.46893882751465,
            "worldbuilding_20180501_20180930_ppl": 17.38916015625,
            "worldbuilding_20190401_20191130_ppl": 17.01400375366211,
            "worldbuilding_20191201_20200630_ppl": 17.708887100219727,
            "worldbuilding_20200701_20210331_ppl": 18.239356994628906,
            "worldbuilding_20210401_20211231_ppl": 18.14361000061035,
            "worldbuilding_20220101_20221130_ppl": 17.599313735961914,