{
    "name": "eval_configs/downstream_evals/tic_stackexchange",
    "model": "open_lm_1b",
    "creation_date": "2025_03_30-17_23_39",
    "eval_metrics": {
        "icl": {
            "apple_20121201_20130831_ppl": 13.489721298217773,
            "apple_20130901_20140531_ppl": 14.155158042907715,
            "apple_20140601_20150331_ppl": 13.656900405883789,
            "apple_20150401_20151231_ppl": 13.834541320800781,
            "apple_20160101_20161231_ppl": 13.075815200805664,
            "apple_20170101_20180331_ppl": 12.64533805847168,
            "apple_20180401_20190930_ppl": 13.149545669555664,
            "apple_20191001_20210630_ppl": 13.664567947387695,
            "apple_20210701_20240229_ppl": 14.461889266967773,
            "codereview_20121201_20140331_ppl": 9.846952438354492,
            "codereview_20140401_20141130_ppl": 9.071500778198242,
            "codereview_20141201_20150831_ppl": 8.896553039550781,
            "codereview_20150901_20160731_ppl": 9.501900672912598,
            "codereview_20160801_20170930_ppl": 9.505866050720215,
            "codereview_20171001_20190630_ppl": 9.612074851989746,
            "codereview_20190701_20240331_ppl": 10.300914764404297,
            "electronics_20130301_20130630_ppl": 14.688788414001465,
            "electronics_20131201_20140430_ppl": 14.380136489868164,
            "electronics_20140501_20140930_ppl": 15.565875053405762,
            "electronics_20141001_20150131_ppl": 14.76492691040039,
            "electronics_20150201_20150531_ppl": 14.523106575012207,
            "electronics_20150601_20150930_ppl": 15.212242126464844,
            "electronics_20160201_20160531_ppl": 15.38584041595459,
            "electronics_20160601_20160930_ppl": 15.594925880432129,
            "electronics_20170201_20170531_ppl": 16.045135498046875,
            "electronics_20170601_20170930_ppl": 16.70330047607422,
            "electronics_20180301_20180731_ppl": 14.841801643371582,
            "electronics_20180801_20181231_ppl": 15.778389930725098,
            "electronics_20190101_20190531_ppl": 15.974822044372559,
            "electronics_20190601_20191031_ppl": 15.913610458374023,
            "electronics_20191101_20200430_ppl": 15.767306327819824,
            "electronics_20200501_20200930_ppl": 15.405388832092285,
            "electronics_20210401_20210930_ppl": 17.2730655670166,
            "electronics_20211001_20220430_ppl": 15.836362838745117,
            "electronics_20220501_20221130_ppl": 15.687456130981445,
            "electronics_20221201_20230731_ppl": 14.851324081420898,
            "electronics_20230801_20240331_ppl": 15.353981971740723,
            "english_20130601_20131031_ppl": 13.603399276733398,
            "english_20131101_20140228_ppl": 13.579463958740234,
            "english_20140301_20140531_ppl": 13.638252258300781,
            "english_20140601_20140930_ppl": 14.226011276245117,
            "english_20150101_20150430_ppl": 13.193999290466309,
            "english_20150801_20151130_ppl": 14.244466781616211,
            "english_20160401_20160831_ppl": 13.515103340148926,
            "english_20160901_20170228_ppl": 13.505431175231934,
            "english_20170301_20170930_ppl": 12.950295448303223,
            "english_20171001_20180531_ppl": 13.320219993591309,
            "english_20180601_20190131_ppl": 13.310035705566406,
            "english_20190201_20191231_ppl": 13.041105270385742,
            "english_20200101_20210331_ppl": 13.85397720336914,
            "english_20210401_20230331_ppl": 13.982156753540039,
            "gaming_20130701_20131231_ppl": 16.03013801574707,
            "gaming_20140101_20140630_ppl": 15.882339477539062,
            "gaming_20140701_20150131_ppl": 16.396799087524414,
            "gaming_20150201_20150831_ppl": 15.817168235778809,
            "gaming_20150901_20160430_ppl": 16.28310203552246,
            "gaming_20160501_20161231_ppl": 15.29279899597168,
            "gaming_20170101_20180228_ppl": 15.62121868133545,
            "gaming_20180301_20200731_ppl": 16.60084342956543,
            "gaming_20200801_20240331_ppl": 16.004413604736328,
            "math_20130501_20130531_ppl": 8.799631118774414,
            "math_20131001_20131031_ppl": 8.459040641784668,
            "math_20140301_20140331_ppl": 9.064576148986816,
            "math_20140801_20140831_ppl": 8.875809669494629,
            "math_20150101_20150131_ppl": 8.228392601013184,
            "math_20150801_20150831_ppl": 8.322463989257812,
            "math_20160201_20160229_ppl": 8.098145484924316,
            "math_20160801_20160831_ppl": 8.42519474029541,
            "math_20170101_20170131_ppl": 8.4776029586792,
            "math_20170701_20170731_ppl": 8.406588554382324,
            "math_20180101_20180131_ppl": 8.136689186096191,
            "math_20180701_20180731_ppl": 8.098265647888184,
            "math_20190101_20190131_ppl": 8.486339569091797,
            "math_20190701_20190731_ppl": 8.77015495300293,
            "math_20200101_20200131_ppl": 8.300345420837402,
            "math_20200701_20200731_ppl": 8.22929573059082,
            "math_20201201_20210131_ppl": 8.4502534866333,
            "math_20210701_20210831_ppl": 8.230840682983398,
            "math_20220201_20220430_ppl": 8.603860855102539,
            "math_20220801_20221031_ppl": 8.1191987991333,
            "math_20230201_20230430_ppl": 8.151932716369629,
            "math_20230801_20231130_ppl": 8.489447593688965,
            "math_20231201_20240229_ppl": 8.133818626403809,
            "worldbuilding_20140901_20150331_ppl": 16.194067001342773,
            "worldbuilding_20150401_20150930_ppl": 17.008785247802734,
            "worldbuilding_20151001_20160331_ppl": 16.93726921081543,
            "worldbuilding_20160401_20160831_ppl": 17.726844787597656,
            "worldbuilding_20160901_20161231_ppl": 17.110403060913086,
            "worldbuilding_20170101_20170531_ppl": 17.605897903442383,
            "worldbuilding_20170601_20171031_ppl": 17.3098201751709,
            "worldbuilding_20171101_20180430_ppl": 16.615415573120117,
            "worldbuilding_20180501_20180930_ppl": 17.484439849853516,
            "worldbuilding_20190401_20191130_ppl": 17.177467346191406,
            "worldbuilding_20191201_20200630_ppl": 17.838720321655273,
            "worldbuilding_20200701_20210331_ppl": 18.440658569335938,
            "worldbuilding_20210401_20211231_ppl": 18.34025001525879,
            "worldbuilding_20220101_20221130_ppl": 17.78855323791504,