{
    "name": "eval_configs/downstream_evals/tic_wiki",
    "model": "open_lm_1b",
    "creation_date": "2025_03_30-18_19_46",
    "eval_metrics": {
        "icl": {
            "wiki_diff_20150112_20141208": 5.230155944824219,
            "wiki_diff_20150805_20150602": 5.508401393890381,
            "wiki_diff_20160204_20160113": 4.70225715637207,
            "wiki_diff_20160801_20160701": 5.079132080078125,
            "wiki_diff_20170101_20161201": 4.8171892166137695,
            "wiki_diff_20170701_20170601": 5.008549690246582,
            "wiki_diff_20180101_20171201": 4.77060604095459,
            "wiki_diff_20180901_20180320": 5.444762229919434,
            "wiki_diff_20190120_20181201": 5.09752082824707,
            "wiki_diff_20200101_20190201": 6.3876495361328125,
            "wiki_diff_20200920_20200101": 6.274411201477051,
            "wiki_diff_20201220_20201120": 4.7039475440979,
            "wiki_diff_20210701_20210620": 4.4800705909729,
            "wiki_diff_20220101_20211201": 5.129631042480469,
            "wiki_diff_20220501_20220420": 4.570851802825928,
            "wiki_diff_20240401_20220501": 6.718753814697266,
            "wiki_unchanged_20150112_20141208": 7.091769695281982,
            "wiki_unchanged_20150805_20150602": 7.492597579956055,
            "wiki_unchanged_20160204_20160113": 7.530191421508789,
            "wiki_unchanged_20160801_20160701": 7.513851642608643,
            "wiki_unchanged_20170101_20161201": 7.139255046844482,
            "wiki_unchanged_20170701_20170601": 7.6217145919799805,
            "wiki_unchanged_20180101_20171201": 7.643806457519531,
            "wiki_unchanged_20180901_20180320": 7.524075508117676,
            "wiki_unchanged_20190120_20181201": 7.278598308563232,
            "wiki_unchanged_20200101_20190201": 7.619692325592041,
            "wiki_unchanged_20200920_20200101": 7.6494460105896,
            "wiki_unchanged_20201220_20201120": 7.773519992828369,
            "wiki_unchanged_20210701_20210620": 7.878365993499756,
            "wiki_unchanged_20220101_20211201": 7.781345367431641,
            "wiki_unchanged_20220501_20220420": 8.081316947937012,
            "wiki_unchanged_20240401_20220501": 7.847049236297607
        }
    }
}