{
    "name": "eval_configs/downstream_evals/tic_codedocs",
    "model": "open_lm_1b",
    "creation_date": "2025_03_30-16_48_28",
    "eval_metrics": {
        "icl": {
            "numpy_201706": 12.570160865783691,
            "numpy_201801": 12.707626342773438,
            "numpy_201807": 12.949583053588867,
            "numpy_201901": 13.204957962036133,
            "numpy_201907": 13.326367378234863,
            "numpy_201912": 13.479423522949219,
            "numpy_202006": 13.383770942687988,
            "numpy_202101": 13.161541938781738,
            "numpy_202106": 12.96364688873291,
            "numpy_202112": 12.791975975036621,
            "numpy_202206": 12.845170021057129,
            "numpy_202212": 12.582819938659668,
            "numpy_202306": 12.524169921875,
            "numpy_202309": 12.52452564239502,
            "numpy_202406": 12.684907913208008,
            "numpy_202408": 12.422414779663086,
            "pytorch_202103": 12.234025001525879,
            "pytorch_202106": 13.735430717468262,
            "pytorch_202110": 13.818203926086426,
            "pytorch_202203": 14.13764476776123,
            "pytorch_202206": 14.23202896118164,
            "pytorch_202210": 14.396321296691895,
            "pytorch_202303": 14.330129623413086,
            "pytorch_202310": 14.288153648376465,
            "pytorch_202401": 14.246932983398438,
            "pytorch_202404": 14.341343879699707,
            "pytorch_202407": 14.524134635925293
        }
    }
}