{
    "name": "eval_configs/downstream_evals/tic_stackexchange",
    "model": "open_lm_1b",
    "creation_date": "2025_03_30-18_04_38",
    "eval_metrics": {
        "icl": {
            "apple_20121201_20130831_ppl": 13.574163436889648,
            "apple_20130901_20140531_ppl": 14.14537525177002,
            "apple_20140601_20150331_ppl": 13.853742599487305,
            "apple_20150401_20151231_ppl": 13.990646362304688,
            "apple_20160101_20161231_ppl": 13.399937629699707,
            "apple_20170101_20180331_ppl": 12.81238079071045,
            "apple_20180401_20190930_ppl": 13.540236473083496,
            "apple_20191001_20210630_ppl": 14.110750198364258,
            "apple_20210701_20240229_ppl": 14.989815711975098,
            "codereview_20121201_20140331_ppl": 9.942146301269531,
            "codereview_20140401_20141130_ppl": 9.194841384887695,
            "codereview_20141201_20150831_ppl": 8.98401927947998,
            "codereview_20150901_20160731_ppl": 9.603422164916992,
            "codereview_20160801_20170930_ppl": 9.689589500427246,
            "codereview_20171001_20190630_ppl": 9.793229103088379,
            "codereview_20190701_20240331_ppl": 10.572532653808594,
            "electronics_20130301_20130630_ppl": 15.03508472442627,
            "electronics_20131201_20140430_ppl": 14.631857872009277,
            "electronics_20140501_20140930_ppl": 15.8901948928833,
            "electronics_20141001_20150131_ppl": 15.02151870727539,
            "electronics_20150201_20150531_ppl": 14.74088191986084,
            "electronics_20150601_20150930_ppl": 15.57010555267334,
            "electronics_20160201_20160531_ppl": 15.748453140258789,
            "electronics_20160601_20160930_ppl": 15.866548538208008,
            "electronics_20170201_20170531_ppl": 16.378381729125977,
            "electronics_20170601_20170930_ppl": 16.981647491455078,
            "electronics_20180301_20180731_ppl": 15.137354850769043,
            "electronics_20180801_20181231_ppl": 16.061933517456055,
            "electronics_20190101_20190531_ppl": 16.259105682373047,
            "electronics_20190601_20191031_ppl": 16.236650466918945,
            "electronics_20191101_20200430_ppl": 16.112232208251953,
            "electronics_20200501_20200930_ppl": 15.702004432678223,
            "electronics_20210401_20210930_ppl": 17.579191207885742,
            "electronics_20211001_20220430_ppl": 16.205663681030273,
            "electronics_20220501_20221130_ppl": 16.034849166870117,
            "electronics_20221201_20230731_ppl": 15.167956352233887,
            "electronics_20230801_20240331_ppl": 15.653238296508789,
            "english_20130601_20131031_ppl": 13.725150108337402,
            "english_20131101_20140228_ppl": 13.7755765914917,
            "english_20140301_20140531_ppl": 13.725157737731934,
            "english_20140601_20140930_ppl": 14.247384071350098,
            "english_20150101_20150430_ppl": 13.369128227233887,
            "english_20150801_20151130_ppl": 14.553606033325195,
            "english_20160401_20160831_ppl": 13.630468368530273,
            "english_20160901_20170228_ppl": 13.584829330444336,
            "english_20170301_20170930_ppl": 13.155986785888672,
            "english_20171001_20180531_ppl": 13.58651065826416,
            "english_20180601_20190131_ppl": 13.428781509399414,
            "english_20190201_20191231_ppl": 13.23279857635498,
            "english_20200101_20210331_ppl": 14.281158447265625,
            "english_20210401_20230331_ppl": 14.217663764953613,
            "gaming_20130701_20131231_ppl": 16.407024383544922,
            "gaming_20140101_20140630_ppl": 16.18067741394043,
            "gaming_20140701_20150131_ppl": 16.777780532836914,
            "gaming_20150201_20150831_ppl": 16.290855407714844,
            "gaming_20150901_20160430_ppl": 16.960756301879883,
            "gaming_20160501_20161231_ppl": 15.74540901184082,
            "gaming_20170101_20180228_ppl": 15.892060279846191,
            "gaming_20180301_20200731_ppl": 17.34653091430664,
            "gaming_20200801_20240331_ppl": 16.751609802246094,
            "math_20130501_20130531_ppl": 8.614705085754395,
            "math_20131001_20131031_ppl": 8.288854598999023,
            "math_20140301_20140331_ppl": 8.771760940551758,
            "math_20140801_20140831_ppl": 8.614334106445312,
            "math_20150101_20150131_ppl": 8.080619812011719,
            "math_20150801_20150831_ppl": 8.13174057006836,
            "math_20160201_20160229_ppl": 7.976490020751953,
            "math_20160801_20160831_ppl": 8.335328102111816,
            "math_20170101_20170131_ppl": 8.375823974609375,
            "math_20170701_20170731_ppl": 8.242541313171387,
            "math_20180101_20180131_ppl": 8.013598442077637,
            "math_20180701_20180731_ppl": 7.981809616088867,
            "math_20190101_20190131_ppl": 8.342695236206055,
            "math_20190701_20190731_ppl": 8.63805103302002,
            "math_20200101_20200131_ppl": 8.180486679077148,
            "math_20200701_20200731_ppl": 8.08112621307373,
            "math_20201201_20210131_ppl": 8.299957275390625,
            "math_20210701_20210831_ppl": 8.15617847442627,
            "math_20220201_20220430_ppl": 8.47240161895752,
            "math_20220801_20221031_ppl": 8.064356803894043,
            "math_20230201_20230430_ppl": 8.03820514678955,
            "math_20230801_20231130_ppl": 8.362703323364258,
            "math_20231201_20240229_ppl": 8.029157638549805,
            "worldbuilding_20140901_20150331_ppl": 16.427457809448242,
            "worldbuilding_20150401_20150930_ppl": 17.205129623413086,
            "worldbuilding_20151001_20160331_ppl": 17.1607608795166,
            "worldbuilding_20160401_20160831_ppl": 17.95509147644043,
            "worldbuilding_20160901_20161231_ppl": 17.33679962158203,
            "worldbuilding_20170101_20170531_ppl": 17.885967254638672,
            "worldbuilding_20170601_20171031_ppl": 17.504819869995117,
            "worldbuilding_20171101_20180430_ppl": 16.851459503173828,
            "worldbuilding_20180501_20180930_ppl": 17.815757751464844,
            "worldbuilding_20190401_20191130_ppl": 17.517454147338867,
            "worldbuilding_20191201_20200630_ppl": 18.22279930114746,
            "worldbuilding_20200701_20210331_ppl": 18.798158645629883,
            "worldbuilding_20210401_20211231_ppl": 18.672340393066406,
            "worldbuilding_20220101_20221130_ppl": 18.116065979003906,