{
    "name": "eval_configs/downstream_evals/tic_wiki",
    "model": "open_lm_1b",
    "creation_date": "2025_03_30-19_17_09",
    "eval_metrics": {
        "icl": {
            "wiki_diff_20150112_20141208": 5.300694465637207,
            "wiki_diff_20150805_20150602": 5.574537754058838,
            "wiki_diff_20160204_20160113": 4.7620697021484375,
            "wiki_diff_20160801_20160701": 5.157618999481201,
            "wiki_diff_20170101_20161201": 4.888628959655762,
            "wiki_diff_20170701_20170601": 5.088432788848877,
            "wiki_diff_20180101_20171201": 4.845130443572998,
            "wiki_diff_20180901_20180320": 5.548726558685303,
            "wiki_diff_20190120_20181201": 5.203645706176758,
            "wiki_diff_20200101_20190201": 6.5419440269470215,
            "wiki_diff_20200920_20200101": 6.483885288238525,
            "wiki_diff_20201220_20201120": 4.865413665771484,
            "wiki_diff_20210701_20210620": 4.6158833503723145,
            "wiki_diff_20220101_20211201": 5.301713466644287,
            "wiki_diff_20220501_20220420": 4.702723503112793,
            "wiki_diff_20240401_20220501": 6.929788112640381,
            "wiki_unchanged_20150112_20141208": 7.188804626464844,
            "wiki_unchanged_20150805_20150602": 7.606313228607178,
            "wiki_unchanged_20160204_20160113": 7.656647205352783,
            "wiki_unchanged_20160801_20160701": 7.638836860656738,
            "wiki_unchanged_20170101_20161201": 7.255402088165283,
            "wiki_unchanged_20170701_20170601": 7.7497782707214355,
            "wiki_unchanged_20180101_20171201": 7.775234222412109,
            "wiki_unchanged_20180901_20180320": 7.660125732421875,
            "wiki_unchanged_20190120_20181201": 7.399949550628662,
            "wiki_unchanged_20200101_20190201": 7.759389877319336,
            "wiki_unchanged_20200920_20200101": 7.801254749298096,
            "wiki_unchanged_20201220_20201120": 7.946711540222168,
            "wiki_unchanged_20210701_20210620": 8.07206916809082,
            "wiki_unchanged_20220101_20211201": 7.958489894866943,
            "wiki_unchanged_20220501_20220420": 8.285529136657715,
            "wiki_unchanged_20240401_20220501": 8.041658401489258
        }
    }
}