{
    "name": "eval_configs/downstream_evals/tic_codedocs",
    "model": "open_lm_1b",
    "creation_date": "2025_03_30-17_29_20",
    "eval_metrics": {
        "icl": {
            "numpy_201706": 12.241415023803711,
            "numpy_201801": 12.395949363708496,
            "numpy_201807": 12.755132675170898,
            "numpy_201901": 12.918848991394043,
            "numpy_201907": 13.092331886291504,
            "numpy_201912": 13.10390567779541,
            "numpy_202006": 13.048412322998047,
            "numpy_202101": 12.807125091552734,
            "numpy_202106": 12.713186264038086,
            "numpy_202112": 12.509976387023926,
            "numpy_202206": 12.5778169631958,
            "numpy_202212": 12.264081001281738,
            "numpy_202306": 12.210197448730469,
            "numpy_202309": 12.211145401000977,
            "numpy_202406": 12.414361000061035,
            "numpy_202408": 12.17322063446045,
            "pytorch_202103": 13.282241821289062,
            "pytorch_202106": 15.235010147094727,
            "pytorch_202110": 15.322673797607422,
            "pytorch_202203": 15.703204154968262,
            "pytorch_202206": 15.803444862365723,
            "pytorch_202210": 15.904241561889648,
            "pytorch_202303": 15.904574394226074,
            "pytorch_202310": 15.844347953796387,
            "pytorch_202401": 15.80539321899414,
            "pytorch_202404": 15.874253273010254,
            "pytorch_202407": 16.07659149169922
        }
    }
}