{
    "name": "eval_configs/downstream_evals/tic_codedocs",
    "model": "open_lm_3b",
    "creation_date": "2024_11_18-12_03_06",
    "eval_metrics": {
        "icl": {
            "numpy_201706": 10.172197341918945,
            "numpy_201801": 10.297696113586426,
            "numpy_201807": 10.621299743652344,
            "numpy_201901": 10.852307319641113,
            "numpy_201907": 11.112981796264648,
            "numpy_201912": 11.457801818847656,
            "numpy_202006": 11.433998107910156,
            "numpy_202101": 11.202169418334961,
            "numpy_202106": 11.177477836608887,
            "numpy_202112": 10.985577583312988,
            "numpy_202206": 11.035707473754883,
            "numpy_202212": 10.743144035339355,
            "numpy_202306": 10.69602108001709,
            "numpy_202309": 10.69709300994873,
            "numpy_202406": 10.837106704711914,
            "numpy_202408": 10.646841049194336,
            "pytorch_202103": 12.60210132598877,
            "pytorch_202106": 14.482941627502441,
            "pytorch_202110": 14.536526679992676,
            "pytorch_202203": 14.904831886291504,
            "pytorch_202206": 15.008886337280273,
            "pytorch_202210": 15.216986656188965,
            "pytorch_202303": 15.160534858703613,
            "pytorch_202310": 15.116981506347656,
            "pytorch_202401": 15.077408790588379,
            "pytorch_202404": 15.146759033203125,
            "pytorch_202407": 15.377474784851074
        }
    }
}