{
    "name": "eval_configs/downstream_evals/tic_stackexchange",
    "model": "open_lm_3b",
    "creation_date": "2024_11_18-13_24_37",
    "eval_metrics": {
        "icl": {
            "apple_20121201_20130831_ppl": 12.292462348937988,
            "apple_20130901_20140531_ppl": 13.0363187789917,
            "apple_20140601_20150331_ppl": 12.645195007324219,
            "apple_20150401_20151231_ppl": 13.162384986877441,
            "apple_20160101_20161231_ppl": 12.755414962768555,
            "apple_20170101_20180331_ppl": 12.860236167907715,
            "apple_20180401_20190930_ppl": 13.170378684997559,
            "apple_20191001_20210630_ppl": 13.630191802978516,
            "apple_20210701_20240229_ppl": 15.224684715270996,
            "codereview_20121201_20140331_ppl": 8.999812126159668,
            "codereview_20140401_20141130_ppl": 8.368070602416992,
            "codereview_20141201_20150831_ppl": 8.17476749420166,
            "codereview_20150901_20160731_ppl": 8.747208595275879,
            "codereview_20160801_20170930_ppl": 8.83745288848877,
            "codereview_20171001_20190630_ppl": 9.004500389099121,
            "codereview_20190701_20240331_ppl": 9.865023612976074,
            "electronics_20130301_20130630_ppl": 13.854150772094727,
            "electronics_20131201_20140430_ppl": 13.629541397094727,
            "electronics_20140501_20140930_ppl": 14.82243537902832,
            "electronics_20141001_20150131_ppl": 13.922650337219238,
            "electronics_20150201_20150531_ppl": 13.716451644897461,
            "electronics_20150601_20150930_ppl": 14.49924373626709,
            "electronics_20160201_20160531_ppl": 14.649357795715332,
            "electronics_20160601_20160930_ppl": 14.792181968688965,
            "electronics_20170201_20170531_ppl": 15.294568061828613,
            "electronics_20170601_20170930_ppl": 15.821918487548828,
            "electronics_20180301_20180731_ppl": 14.247159957885742,
            "electronics_20180801_20181231_ppl": 15.04759407043457,
            "electronics_20190101_20190531_ppl": 15.359472274780273,
            "electronics_20190601_20191031_ppl": 15.254660606384277,
            "electronics_20191101_20200430_ppl": 15.129043579101562,
            "electronics_20200501_20200930_ppl": 14.797019004821777,
            "electronics_20210401_20210930_ppl": 16.566553115844727,
            "electronics_20211001_20220430_ppl": 15.212421417236328,
            "electronics_20220501_20221130_ppl": 15.034011840820312,
            "electronics_20221201_20230731_ppl": 14.365113258361816,
            "electronics_20230801_20240331_ppl": 14.763900756835938,
            "english_20130601_20131031_ppl": 12.696738243103027,
            "english_20131101_20140228_ppl": 12.6469144821167,
            "english_20140301_20140531_ppl": 12.552667617797852,
            "english_20140601_20140930_ppl": 13.360834121704102,
            "english_20150101_20150430_ppl": 12.371939659118652,
            "english_20150801_20151130_ppl": 13.510041236877441,
            "english_20160401_20160831_ppl": 12.700905799865723,
            "english_20160901_20170228_ppl": 12.831779479980469,
            "english_20170301_20170930_ppl": 12.553079605102539,
            "english_20171001_20180531_ppl": 12.830199241638184,
            "english_20180601_20190131_ppl": 12.68699836730957,
            "english_20190201_20191231_ppl": 12.57107925415039,
            "english_20200101_20210331_ppl": 13.444576263427734,
            "english_20210401_20230331_ppl": 13.382691383361816,
            "gaming_20130701_20131231_ppl": 15.043984413146973,
            "gaming_20140101_20140630_ppl": 14.898704528808594,
            "gaming_20140701_20150131_ppl": 15.70544147491455,
            "gaming_20150201_20150831_ppl": 15.139938354492188,
            "gaming_20150901_20160430_ppl": 15.752431869506836,
            "gaming_20160501_20161231_ppl": 15.18835163116455,
            "gaming_20170101_20180228_ppl": 15.389510154724121,
            "gaming_20180301_20200731_ppl": 16.45765495300293,
            "gaming_20200801_20240331_ppl": 16.318058013916016,
            "math_20130501_20130531_ppl": 7.77995491027832,
            "math_20131001_20131031_ppl": 7.428741931915283,
            "math_20140301_20140331_ppl": 7.881340980529785,
            "math_20140801_20140831_ppl": 7.813994884490967,
            "math_20150101_20150131_ppl": 7.327437400817871,
            "math_20150801_20150831_ppl": 7.3195929527282715,
            "math_20160201_20160229_ppl": 7.2231316566467285,
            "math_20160801_20160831_ppl": 7.5381999015808105,
            "math_20170101_20170131_ppl": 7.534607887268066,
            "math_20170701_20170731_ppl": 7.4769487380981445,
            "math_20180101_20180131_ppl": 7.2932353019714355,
            "math_20180701_20180731_ppl": 7.253686428070068,
            "math_20190101_20190131_ppl": 7.517940044403076,
            "math_20190701_20190731_ppl": 7.770179748535156,
            "math_20200101_20200131_ppl": 7.4217023849487305,
            "math_20200701_20200731_ppl": 7.404447078704834,
            "math_20201201_20210131_ppl": 7.500511169433594,
            "math_20210701_20210831_ppl": 7.37974739074707,
            "math_20220201_20220430_ppl": 7.641274929046631,
            "math_20220801_20221031_ppl": 7.3364715576171875,
            "math_20230201_20230430_ppl": 7.251246929168701,
            "math_20230801_20231130_ppl": 7.576084136962891,
            "math_20231201_20240229_ppl": 7.287496089935303,
            "worldbuilding_20140901_20150331_ppl": 15.304191589355469,
            "worldbuilding_20150401_20150930_ppl": 16.04476547241211,
            "worldbuilding_20151001_20160331_ppl": 16.018341064453125,
            "worldbuilding_20160401_20160831_ppl": 16.766216278076172,
            "worldbuilding_20160901_20161231_ppl": 16.202655792236328,
            "worldbuilding_20170101_20170531_ppl": 16.830535888671875,
            "worldbuilding_20170601_20171031_ppl": 16.43136978149414,
            "worldbuilding_20171101_20180430_ppl": 15.907988548278809,
            "worldbuilding_20180501_20180930_ppl": 16.710296630859375,
            "worldbuilding_20190401_20191130_ppl": 16.46137237548828,
            "worldbuilding_20191201_20200630_ppl": 16.96660614013672,
            "worldbuilding_20200701_20210331_ppl": 17.701635360717773,
            "worldbuilding_20210401_20211231_ppl": 17.566082000732422,
            "worldbuilding_20220101_20221130_ppl": 17.027650833129883,