{
    "name": "eval_configs/downstream_evals/tic_wiki",
    "model": "open_lm_3b",
    "creation_date": "2024_11_18-11_52_02",
    "eval_metrics": {
        "icl": {
            "wiki_diff_20150112_20141208": 5.041709899902344,
            "wiki_diff_20150805_20150602": 5.329173564910889,
            "wiki_diff_20160204_20160113": 4.597574234008789,
            "wiki_diff_20160801_20160701": 4.976141452789307,
            "wiki_diff_20170101_20161201": 4.733438014984131,
            "wiki_diff_20170701_20170601": 4.973588943481445,
            "wiki_diff_20180101_20171201": 4.728242874145508,
            "wiki_diff_20180901_20180320": 5.375361919403076,
            "wiki_diff_20190120_20181201": 5.0703606605529785,
            "wiki_diff_20200101_20190201": 6.323707103729248,
            "wiki_diff_20200920_20200101": 6.276204586029053,
            "wiki_diff_20201220_20201120": 4.742547988891602,
            "wiki_diff_20210701_20210620": 4.516451358795166,
            "wiki_diff_20220101_20211201": 5.173696517944336,
            "wiki_diff_20220501_20220420": 4.606235027313232,
            "wiki_diff_20240401_20220501": 6.690083980560303,
            "wiki_unchanged_20150112_20141208": 6.65967321395874,
            "wiki_unchanged_20150805_20150602": 7.019874095916748,
            "wiki_unchanged_20160204_20160113": 7.105447292327881,
            "wiki_unchanged_20160801_20160701": 7.080513000488281,
            "wiki_unchanged_20170101_20161201": 6.7707014083862305,
            "wiki_unchanged_20170701_20170601": 7.208834171295166,
            "wiki_unchanged_20180101_20171201": 7.241668224334717,
            "wiki_unchanged_20180901_20180320": 7.137776851654053,
            "wiki_unchanged_20190120_20181201": 6.915566444396973,
            "wiki_unchanged_20200101_20190201": 7.241724014282227,
            "wiki_unchanged_20200920_20200101": 7.2876296043396,
            "wiki_unchanged_20201220_20201120": 7.450957298278809,
            "wiki_unchanged_20210701_20210620": 7.5622687339782715,
            "wiki_unchanged_20220101_20211201": 7.470350742340088,
            "wiki_unchanged_20220501_20220420": 7.776300430297852,
            "wiki_unchanged_20240401_20220501": 7.54367208480835
        }
    }
}