{
    "name": "eval_configs/downstream_evals/tic_codedocs",
    "model": "open_lm_3b",
    "creation_date": "2024_11_17-14_51_35",
    "eval_metrics": {
        "icl": {
            "numpy_201706": 10.428398132324219,
            "numpy_201801": 10.53260326385498,
            "numpy_201807": 10.892496109008789,
            "numpy_201901": 11.115408897399902,
            "numpy_201907": 11.272024154663086,
            "numpy_201912": 11.440998077392578,
            "numpy_202006": 11.448002815246582,
            "numpy_202101": 11.22944450378418,
            "numpy_202106": 11.130938529968262,
            "numpy_202112": 11.038134574890137,
            "numpy_202206": 11.069382667541504,
            "numpy_202212": 10.798901557922363,
            "numpy_202306": 10.751730918884277,
            "numpy_202309": 10.752549171447754,
            "numpy_202406": 10.853137969970703,
            "numpy_202408": 10.63939094543457,
            "pytorch_202103": 9.751673698425293,
            "pytorch_202106": 10.940672874450684,
            "pytorch_202110": 11.026376724243164,
            "pytorch_202203": 11.284229278564453,
            "pytorch_202206": 11.377083778381348,
            "pytorch_202210": 11.466700553894043,
            "pytorch_202303": 11.490633010864258,
            "pytorch_202310": 11.510600090026855,
            "pytorch_202401": 11.473132133483887,
            "pytorch_202404": 11.56789493560791,
            "pytorch_202407": 11.725314140319824
        }
    }
}