{
    "name": "eval_configs/downstream_evals/tic_wiki",
    "model": "open_lm_3b",
    "creation_date": "2024_11_17-14_40_05",
    "eval_metrics": {
        "icl": {
            "wiki_diff_20150112_20141208": 4.783811092376709,
            "wiki_diff_20150805_20150602": 5.0009894371032715,
            "wiki_diff_20160204_20160113": 4.318583011627197,
            "wiki_diff_20160801_20160701": 4.644955158233643,
            "wiki_diff_20170101_20161201": 4.419307708740234,
            "wiki_diff_20170701_20170601": 4.57694149017334,
            "wiki_diff_20180101_20171201": 4.37042236328125,
            "wiki_diff_20180901_20180320": 4.944019794464111,
            "wiki_diff_20190120_20181201": 4.644993782043457,
            "wiki_diff_20200101_20190201": 5.73591947555542,
            "wiki_diff_20200920_20200101": 5.6345415115356445,
            "wiki_diff_20201220_20201120": 4.291359901428223,
            "wiki_diff_20210701_20210620": 4.08767557144165,
            "wiki_diff_20220101_20211201": 4.640325546264648,
            "wiki_diff_20220501_20220420": 4.16574239730835,
            "wiki_diff_20240401_20220501": 5.990611553192139,
            "wiki_unchanged_20150112_20141208": 6.325253009796143,
            "wiki_unchanged_20150805_20150602": 6.662260055541992,
            "wiki_unchanged_20160204_20160113": 6.714014530181885,
            "wiki_unchanged_20160801_20160701": 6.675647735595703,
            "wiki_unchanged_20170101_20161201": 6.379621982574463,
            "wiki_unchanged_20170701_20170601": 6.778488636016846,
            "wiki_unchanged_20180101_20171201": 6.788999080657959,
            "wiki_unchanged_20180901_20180320": 6.686859607696533,
            "wiki_unchanged_20190120_20181201": 6.478012561798096,
            "wiki_unchanged_20200101_20190201": 6.772180080413818,
            "wiki_unchanged_20200920_20200101": 6.78904390335083,
            "wiki_unchanged_20201220_20201120": 6.899893283843994,
            "wiki_unchanged_20210701_20210620": 6.969908714294434,
            "wiki_unchanged_20220101_20211201": 6.893985748291016,
            "wiki_unchanged_20220501_20220420": 7.155294895172119,
            "wiki_unchanged_20240401_20220501": 6.958141803741455
        }
    }
}