{
    "name": "eval_configs/downstream_evals/tic_stackexchange",
    "model": "open_lm_3b",
    "creation_date": "2024_11_17-16_14_04",
    "eval_metrics": {
        "icl": {
            "apple_20121201_20130831_ppl": 11.866289138793945,
            "apple_20130901_20140531_ppl": 12.398256301879883,
            "apple_20140601_20150331_ppl": 12.10727310180664,
            "apple_20150401_20151231_ppl": 12.109137535095215,
            "apple_20160101_20161231_ppl": 11.512819290161133,
            "apple_20170101_20180331_ppl": 11.119635581970215,
            "apple_20180401_20190930_ppl": 11.48157787322998,
            "apple_20191001_20210630_ppl": 11.840880393981934,
            "apple_20210701_20240229_ppl": 12.520441055297852,
            "codereview_20121201_20140331_ppl": 8.921160697937012,
            "codereview_20140401_20141130_ppl": 8.288691520690918,
            "codereview_20141201_20150831_ppl": 8.075798034667969,
            "codereview_20150901_20160731_ppl": 8.563493728637695,
            "codereview_20160801_20170930_ppl": 8.586211204528809,
            "codereview_20171001_20190630_ppl": 8.602595329284668,
            "codereview_20190701_20240331_ppl": 9.241533279418945,
            "electronics_20130301_20130630_ppl": 13.05711841583252,
            "electronics_20131201_20140430_ppl": 12.836341857910156,
            "electronics_20140501_20140930_ppl": 13.929649353027344,
            "electronics_20141001_20150131_ppl": 13.162859916687012,
            "electronics_20150201_20150531_ppl": 12.975944519042969,
            "electronics_20150601_20150930_ppl": 13.549843788146973,
            "electronics_20160201_20160531_ppl": 13.728797912597656,
            "electronics_20160601_20160930_ppl": 13.86999225616455,
            "electronics_20170201_20170531_ppl": 14.307259559631348,
            "electronics_20170601_20170930_ppl": 14.728402137756348,
            "electronics_20180301_20180731_ppl": 13.204398155212402,
            "electronics_20180801_20181231_ppl": 14.066034317016602,
            "electronics_20190101_20190531_ppl": 14.152138710021973,
            "electronics_20190601_20191031_ppl": 14.08566951751709,
            "electronics_20191101_20200430_ppl": 14.06258487701416,
            "electronics_20200501_20200930_ppl": 13.683832168579102,
            "electronics_20210401_20210930_ppl": 15.339859008789062,
            "electronics_20211001_20220430_ppl": 14.07157039642334,
            "electronics_20220501_20221130_ppl": 13.934063911437988,
            "electronics_20221201_20230731_ppl": 13.252137184143066,
            "electronics_20230801_20240331_ppl": 13.670848846435547,
            "english_20130601_20131031_ppl": 11.916975975036621,
            "english_20131101_20140228_ppl": 11.929624557495117,
            "english_20140301_20140531_ppl": 11.994483947753906,
            "english_20140601_20140930_ppl": 12.472084045410156,
            "english_20150101_20150430_ppl": 11.61557388305664,
            "english_20150801_20151130_ppl": 12.554218292236328,
            "english_20160401_20160831_ppl": 11.83963680267334,
            "english_20160901_20170228_ppl": 11.767712593078613,
            "english_20170301_20170930_ppl": 11.48560905456543,
            "english_20171001_20180531_ppl": 11.692429542541504,
            "english_20180601_20190131_ppl": 11.690711975097656,
            "english_20190201_20191231_ppl": 11.413572311401367,
            "english_20200101_20210331_ppl": 12.20151138305664,
            "english_20210401_20230331_ppl": 12.199609756469727,
            "gaming_20130701_20131231_ppl": 14.351512908935547,
            "gaming_20140101_20140630_ppl": 14.118242263793945,
            "gaming_20140701_20150131_ppl": 14.488863945007324,
            "gaming_20150201_20150831_ppl": 14.022486686706543,
            "gaming_20150901_20160430_ppl": 14.561126708984375,
            "gaming_20160501_20161231_ppl": 13.68134593963623,
            "gaming_20170101_20180228_ppl": 13.82470703125,
            "gaming_20180301_20200731_ppl": 14.607720375061035,
            "gaming_20200801_20240331_ppl": 14.02529239654541,
            "math_20130501_20130531_ppl": 7.92917013168335,
            "math_20131001_20131031_ppl": 7.6060404777526855,
            "math_20140301_20140331_ppl": 8.093578338623047,
            "math_20140801_20140831_ppl": 7.975069522857666,
            "math_20150101_20150131_ppl": 7.468095779418945,
            "math_20150801_20150831_ppl": 7.425304889678955,
            "math_20160201_20160229_ppl": 7.35494327545166,
            "math_20160801_20160831_ppl": 7.6410627365112305,
            "math_20170101_20170131_ppl": 7.630670547485352,
            "math_20170701_20170731_ppl": 7.651713848114014,
            "math_20180101_20180131_ppl": 7.395315647125244,
            "math_20180701_20180731_ppl": 7.307245254516602,
            "math_20190101_20190131_ppl": 7.624457359313965,
            "math_20190701_20190731_ppl": 7.881495952606201,
            "math_20200101_20200131_ppl": 7.500288486480713,
            "math_20200701_20200731_ppl": 7.441639423370361,
            "math_20201201_20210131_ppl": 7.5837931632995605,
            "math_20210701_20210831_ppl": 7.4469404220581055,
            "math_20220201_20220430_ppl": 7.699190616607666,
            "math_20220801_20221031_ppl": 7.406769752502441,
            "math_20230201_20230430_ppl": 7.349590301513672,
            "math_20230801_20231130_ppl": 7.669173717498779,
            "math_20231201_20240229_ppl": 7.372884273529053,
            "worldbuilding_20140901_20150331_ppl": 14.626486778259277,
            "worldbuilding_20150401_20150930_ppl": 15.290426254272461,
            "worldbuilding_20151001_20160331_ppl": 15.232601165771484,
            "worldbuilding_20160401_20160831_ppl": 15.993097305297852,
            "worldbuilding_20160901_20161231_ppl": 15.400812149047852,
            "worldbuilding_20170101_20170531_ppl": 15.84317398071289,
            "worldbuilding_20170601_20171031_ppl": 15.496088027954102,
            "worldbuilding_20171101_20180430_ppl": 14.895263671875,
            "worldbuilding_20180501_20180930_ppl": 15.722612380981445,
            "worldbuilding_20190401_20191130_ppl": 15.29945182800293,
            "worldbuilding_20191201_20200630_ppl": 15.973679542541504,
            "worldbuilding_20200701_20210331_ppl": 16.512353897094727,
            "worldbuilding_20210401_20211231_ppl": 16.406585693359375,
            "worldbuilding_20220101_20221130_ppl": 15.940486907958984,