{
    "name": "eval_configs/downstream_evals/tic_codedocs",
    "model": "open_lm_3b",
    "creation_date": "2024_11_18-12_01_18",
    "eval_metrics": {
        "icl": {
            "numpy_201706": 10.236396789550781,
            "numpy_201801": 10.374673843383789,
            "numpy_201807": 10.666099548339844,
            "numpy_201901": 10.87005615234375,
            "numpy_201907": 11.095325469970703,
            "numpy_201912": 11.3839750289917,
            "numpy_202006": 11.370677947998047,
            "numpy_202101": 11.14455795288086,
            "numpy_202106": 11.089951515197754,
            "numpy_202112": 10.941173553466797,
            "numpy_202206": 10.979607582092285,
            "numpy_202212": 10.582988739013672,
            "numpy_202306": 10.53923511505127,
            "numpy_202309": 10.540016174316406,
            "numpy_202406": 10.788101196289062,
            "numpy_202408": 10.609639167785645,
            "pytorch_202103": 12.165438652038574,
            "pytorch_202106": 13.914052963256836,
            "pytorch_202110": 13.943841934204102,
            "pytorch_202203": 14.316271781921387,
            "pytorch_202206": 14.424469947814941,
            "pytorch_202210": 14.518354415893555,
            "pytorch_202303": 14.581012725830078,
            "pytorch_202310": 14.568596839904785,
            "pytorch_202401": 14.527359962463379,
            "pytorch_202404": 14.615696907043457,
            "pytorch_202407": 14.838562965393066
        }
    }
}