{
    "name": "eval_configs/downstream_evals/tic_stackexchange",
    "model": "open_lm_3b",
    "creation_date": "2024_11_18-13_22_21",
    "eval_metrics": {
        "icl": {
            "apple_20121201_20130831_ppl": 11.831816673278809,
            "apple_20130901_20140531_ppl": 12.64122486114502,
            "apple_20140601_20150331_ppl": 12.32023811340332,
            "apple_20150401_20151231_ppl": 12.531864166259766,
            "apple_20160101_20161231_ppl": 11.957015991210938,
            "apple_20170101_20180331_ppl": 11.950614929199219,
            "apple_20180401_20190930_ppl": 12.390183448791504,
            "apple_20191001_20210630_ppl": 12.942285537719727,
            "apple_20210701_20240229_ppl": 14.080986976623535,
            "codereview_20121201_20140331_ppl": 8.824494361877441,
            "codereview_20140401_20141130_ppl": 8.233567237854004,
            "codereview_20141201_20150831_ppl": 8.056490898132324,
            "codereview_20150901_20160731_ppl": 8.55285358428955,
            "codereview_20160801_20170930_ppl": 8.655304908752441,
            "codereview_20171001_20190630_ppl": 8.78626823425293,
            "codereview_20190701_20240331_ppl": 9.484824180603027,
            "electronics_20130301_20130630_ppl": 13.579596519470215,
            "electronics_20131201_20140430_ppl": 13.333711624145508,
            "electronics_20140501_20140930_ppl": 14.48815631866455,
            "electronics_20141001_20150131_ppl": 13.663470268249512,
            "electronics_20150201_20150531_ppl": 13.394704818725586,
            "electronics_20150601_20150930_ppl": 14.152580261230469,
            "electronics_20160201_20160531_ppl": 14.280713081359863,
            "electronics_20160601_20160930_ppl": 14.433432579040527,
            "electronics_20170201_20170531_ppl": 14.906325340270996,
            "electronics_20170601_20170930_ppl": 15.479439735412598,
            "electronics_20180301_20180731_ppl": 13.80269718170166,
            "electronics_20180801_20181231_ppl": 14.724661827087402,
            "electronics_20190101_20190531_ppl": 14.930390357971191,
            "electronics_20190601_20191031_ppl": 14.807075500488281,
            "electronics_20191101_20200430_ppl": 14.727632522583008,
            "electronics_20200501_20200930_ppl": 14.426050186157227,
            "electronics_20210401_20210930_ppl": 16.150732040405273,
            "electronics_20211001_20220430_ppl": 14.950275421142578,
            "electronics_20220501_20221130_ppl": 14.630885124206543,
            "electronics_20221201_20230731_ppl": 13.989006996154785,
            "electronics_20230801_20240331_ppl": 14.364012718200684,
            "english_20130601_20131031_ppl": 12.299806594848633,
            "english_20131101_20140228_ppl": 12.445717811584473,
            "english_20140301_20140531_ppl": 12.321648597717285,
            "english_20140601_20140930_ppl": 12.885449409484863,
            "english_20150101_20150430_ppl": 12.179618835449219,
            "english_20150801_20151130_ppl": 13.058170318603516,
            "english_20160401_20160831_ppl": 12.29842472076416,
            "english_20160901_20170228_ppl": 12.390979766845703,
            "english_20170301_20170930_ppl": 12.071023941040039,
            "english_20171001_20180531_ppl": 12.470669746398926,
            "english_20180601_20190131_ppl": 12.344306945800781,
            "english_20190201_20191231_ppl": 12.113539695739746,
            "english_20200101_20210331_ppl": 12.931777000427246,
            "english_20210401_20230331_ppl": 12.907112121582031,
            "gaming_20130701_20131231_ppl": 14.708301544189453,
            "gaming_20140101_20140630_ppl": 14.529431343078613,
            "gaming_20140701_20150131_ppl": 15.202969551086426,
            "gaming_20150201_20150831_ppl": 14.756941795349121,
            "gaming_20150901_20160430_ppl": 15.418898582458496,
            "gaming_20160501_20161231_ppl": 14.67809772491455,
            "gaming_20170101_20180228_ppl": 14.756872177124023,
            "gaming_20180301_20200731_ppl": 16.07662582397461,
            "gaming_20200801_20240331_ppl": 15.677423477172852,
            "math_20130501_20130531_ppl": 7.594625949859619,
            "math_20131001_20131031_ppl": 7.253967761993408,
            "math_20140301_20140331_ppl": 7.655480861663818,
            "math_20140801_20140831_ppl": 7.662693500518799,
            "math_20150101_20150131_ppl": 7.092700004577637,
            "math_20150801_20150831_ppl": 7.126797676086426,
            "math_20160201_20160229_ppl": 7.058658123016357,
            "math_20160801_20160831_ppl": 7.297938346862793,
            "math_20170101_20170131_ppl": 7.3622636795043945,
            "math_20170701_20170731_ppl": 7.292990207672119,
            "math_20180101_20180131_ppl": 7.0944414138793945,
            "math_20180701_20180731_ppl": 6.999169826507568,
            "math_20190101_20190131_ppl": 7.286914825439453,
            "math_20190701_20190731_ppl": 7.575814247131348,
            "math_20200101_20200131_ppl": 7.217875957489014,
            "math_20200701_20200731_ppl": 7.1921796798706055,
            "math_20201201_20210131_ppl": 7.316624164581299,
            "math_20210701_20210831_ppl": 7.158468723297119,
            "math_20220201_20220430_ppl": 7.460663318634033,
            "math_20220801_20221031_ppl": 7.0767364501953125,
            "math_20230201_20230430_ppl": 7.082140922546387,
            "math_20230801_20231130_ppl": 7.38701868057251,
            "math_20231201_20240229_ppl": 7.136947154998779,
            "worldbuilding_20140901_20150331_ppl": 15.136789321899414,
            "worldbuilding_20150401_20150930_ppl": 15.854790687561035,
            "worldbuilding_20151001_20160331_ppl": 15.818528175354004,
            "worldbuilding_20160401_20160831_ppl": 16.576753616333008,
            "worldbuilding_20160901_20161231_ppl": 15.964752197265625,
            "worldbuilding_20170101_20170531_ppl": 16.497314453125,
            "worldbuilding_20170601_20171031_ppl": 16.1644344329834,
            "worldbuilding_20171101_20180430_ppl": 15.595212936401367,
            "worldbuilding_20180501_20180930_ppl": 16.46593475341797,
            "worldbuilding_20190401_20191130_ppl": 16.178640365600586,
            "worldbuilding_20191201_20200630_ppl": 16.722047805786133,
            "worldbuilding_20200701_20210331_ppl": 17.324504852294922,
            "worldbuilding_20210401_20211231_ppl": 17.261320114135742,
            "worldbuilding_20220101_20221130_ppl": 16.744142532348633,