{
    "name": "eval_configs/downstream_evals/tic_wiki",
    "model": "open_lm_3b",
    "creation_date": "2024_11_18-11_49_59",
    "eval_metrics": {
        "icl": {
            "wiki_diff_20150112_20141208": 4.963273048400879,
            "wiki_diff_20150805_20150602": 5.2249908447265625,
            "wiki_diff_20160204_20160113": 4.50651216506958,
            "wiki_diff_20160801_20160701": 4.874846935272217,
            "wiki_diff_20170101_20161201": 4.63075065612793,
            "wiki_diff_20170701_20170601": 4.854036808013916,
            "wiki_diff_20180101_20171201": 4.623591899871826,
            "wiki_diff_20180901_20180320": 5.255650043487549,
            "wiki_diff_20190120_20181201": 4.9687066078186035,
            "wiki_diff_20200101_20190201": 6.1768412590026855,
            "wiki_diff_20200920_20200101": 6.122579574584961,
            "wiki_diff_20201220_20201120": 4.649998188018799,
            "wiki_diff_20210701_20210620": 4.437432289123535,
            "wiki_diff_20220101_20211201": 5.072193145751953,
            "wiki_diff_20220501_20220420": 4.515146732330322,
            "wiki_diff_20240401_20220501": 6.516737937927246,
            "wiki_unchanged_20150112_20141208": 6.562403202056885,
            "wiki_unchanged_20150805_20150602": 6.906426906585693,
            "wiki_unchanged_20160204_20160113": 6.968164920806885,
            "wiki_unchanged_20160801_20160701": 6.949438095092773,
            "wiki_unchanged_20170101_20161201": 6.642143726348877,
            "wiki_unchanged_20170701_20170601": 7.074892520904541,
            "wiki_unchanged_20180101_20171201": 7.095536708831787,
            "wiki_unchanged_20180901_20180320": 6.999110221862793,
            "wiki_unchanged_20190120_20181201": 6.773797512054443,
            "wiki_unchanged_20200101_20190201": 7.0874433517456055,
            "wiki_unchanged_20200920_20200101": 7.14164924621582,
            "wiki_unchanged_20201220_20201120": 7.2800374031066895,
            "wiki_unchanged_20210701_20210620": 7.397185802459717,
            "wiki_unchanged_20220101_20211201": 7.300573348999023,
            "wiki_unchanged_20220501_20220420": 7.602367877960205,
            "wiki_unchanged_20240401_20220501": 7.370204925537109
        }
    }
}