{
    "name": "eval_configs/downstream_evals/tic_stackexchange",
    "model": "open_lm_3b",
    "creation_date": "2024_11_17-16_15_45",
    "eval_metrics": {
        "icl": {
            "apple_20121201_20130831_ppl": 12.01818561553955,
            "apple_20130901_20140531_ppl": 12.442680358886719,
            "apple_20140601_20150331_ppl": 12.168353080749512,
            "apple_20150401_20151231_ppl": 12.321276664733887,
            "apple_20160101_20161231_ppl": 11.814224243164062,
            "apple_20170101_20180331_ppl": 11.328263282775879,
            "apple_20180401_20190930_ppl": 11.742485046386719,
            "apple_20191001_20210630_ppl": 12.212623596191406,
            "apple_20210701_20240229_ppl": 13.139971733093262,
            "codereview_20121201_20140331_ppl": 8.938287734985352,
            "codereview_20140401_20141130_ppl": 8.291455268859863,
            "codereview_20141201_20150831_ppl": 8.088372230529785,
            "codereview_20150901_20160731_ppl": 8.583786010742188,
            "codereview_20160801_20170930_ppl": 8.644423484802246,
            "codereview_20171001_20190630_ppl": 8.717216491699219,
            "codereview_20190701_20240331_ppl": 9.264427185058594,
            "electronics_20130301_20130630_ppl": 13.23666763305664,
            "electronics_20131201_20140430_ppl": 12.964533805847168,
            "electronics_20140501_20140930_ppl": 14.073396682739258,
            "electronics_20141001_20150131_ppl": 13.21341323852539,
            "electronics_20150201_20150531_ppl": 13.064847946166992,
            "electronics_20150601_20150930_ppl": 13.679593086242676,
            "electronics_20160201_20160531_ppl": 13.74582576751709,
            "electronics_20160601_20160930_ppl": 13.914958953857422,
            "electronics_20170201_20170531_ppl": 14.423867225646973,
            "electronics_20170601_20170930_ppl": 14.981492042541504,
            "electronics_20180301_20180731_ppl": 13.284829139709473,
            "electronics_20180801_20181231_ppl": 14.158644676208496,
            "electronics_20190101_20190531_ppl": 14.29788875579834,
            "electronics_20190601_20191031_ppl": 14.213309288024902,
            "electronics_20191101_20200430_ppl": 14.217220306396484,
            "electronics_20200501_20200930_ppl": 13.823919296264648,
            "electronics_20210401_20210930_ppl": 15.494461059570312,
            "electronics_20211001_20220430_ppl": 14.299886703491211,
            "electronics_20220501_20221130_ppl": 14.061430931091309,
            "electronics_20221201_20230731_ppl": 13.44379711151123,
            "electronics_20230801_20240331_ppl": 13.823251724243164,
            "english_20130601_20131031_ppl": 12.003108978271484,
            "english_20131101_20140228_ppl": 12.11905288696289,
            "english_20140301_20140531_ppl": 12.027795791625977,
            "english_20140601_20140930_ppl": 12.596826553344727,
            "english_20150101_20150430_ppl": 11.843771934509277,
            "english_20150801_20151130_ppl": 12.74184799194336,
            "english_20160401_20160831_ppl": 11.963818550109863,
            "english_20160901_20170228_ppl": 11.948629379272461,
            "english_20170301_20170930_ppl": 11.608290672302246,
            "english_20171001_20180531_ppl": 11.854999542236328,
            "english_20180601_20190131_ppl": 11.775633811950684,
            "english_20190201_20191231_ppl": 11.567254066467285,
            "english_20200101_20210331_ppl": 12.425429344177246,
            "english_20210401_20230331_ppl": 12.424201011657715,
            "gaming_20130701_20131231_ppl": 14.472816467285156,
            "gaming_20140101_20140630_ppl": 14.227310180664062,
            "gaming_20140701_20150131_ppl": 14.689390182495117,
            "gaming_20150201_20150831_ppl": 14.202081680297852,
            "gaming_20150901_20160430_ppl": 14.762956619262695,
            "gaming_20160501_20161231_ppl": 13.847516059875488,
            "gaming_20170101_20180228_ppl": 14.014991760253906,
            "gaming_20180301_20200731_ppl": 14.943037033081055,
            "gaming_20200801_20240331_ppl": 14.499824523925781,
            "math_20130501_20130531_ppl": 7.830747127532959,
            "math_20131001_20131031_ppl": 7.494159698486328,
            "math_20140301_20140331_ppl": 7.9613871574401855,
            "math_20140801_20140831_ppl": 7.831206321716309,
            "math_20150101_20150131_ppl": 7.342921733856201,
            "math_20150801_20150831_ppl": 7.269139766693115,
            "math_20160201_20160229_ppl": 7.230841636657715,
            "math_20160801_20160831_ppl": 7.544748306274414,
            "math_20170101_20170131_ppl": 7.513103485107422,
            "math_20170701_20170731_ppl": 7.497227668762207,
            "math_20180101_20180131_ppl": 7.274603843688965,
            "math_20180701_20180731_ppl": 7.254199028015137,
            "math_20190101_20190131_ppl": 7.483866214752197,
            "math_20190701_20190731_ppl": 7.796929836273193,
            "math_20200101_20200131_ppl": 7.436856746673584,
            "math_20200701_20200731_ppl": 7.374701499938965,
            "math_20201201_20210131_ppl": 7.517499923706055,
            "math_20210701_20210831_ppl": 7.357321262359619,
            "math_20220201_20220430_ppl": 7.643029689788818,
            "math_20220801_20221031_ppl": 7.256827354431152,
            "math_20230201_20230430_ppl": 7.221883773803711,
            "math_20230801_20231130_ppl": 7.563462734222412,
            "math_20231201_20240229_ppl": 7.288021564483643,
            "worldbuilding_20140901_20150331_ppl": 14.69338321685791,
            "worldbuilding_20150401_20150930_ppl": 15.412850379943848,
            "worldbuilding_20151001_20160331_ppl": 15.309961318969727,
            "worldbuilding_20160401_20160831_ppl": 16.052507400512695,
            "worldbuilding_20160901_20161231_ppl": 15.428873062133789,
            "worldbuilding_20170101_20170531_ppl": 15.957976341247559,
            "worldbuilding_20170601_20171031_ppl": 15.662651062011719,
            "worldbuilding_20171101_20180430_ppl": 14.98621940612793,
            "worldbuilding_20180501_20180930_ppl": 15.827513694763184,
            "worldbuilding_20190401_20191130_ppl": 15.503937721252441,
            "worldbuilding_20191201_20200630_ppl": 16.11446762084961,
            "worldbuilding_20200701_20210331_ppl": 16.6355037689209,
            "worldbuilding_20210401_20211231_ppl": 16.570302963256836,
            "worldbuilding_20220101_20221130_ppl": 16.120298385620117,