{
    "name": "eval_configs/downstream_evals/tic_wiki",
    "model": "open_lm_3b",
    "creation_date": "2024_11_17-14_42_04",
    "eval_metrics": {
        "icl": {
            "wiki_diff_20150112_20141208": 4.804044246673584,
            "wiki_diff_20150805_20150602": 5.03824520111084,
            "wiki_diff_20160204_20160113": 4.342102527618408,
            "wiki_diff_20160801_20160701": 4.677276611328125,
            "wiki_diff_20170101_20161201": 4.453080654144287,
            "wiki_diff_20170701_20170601": 4.611727237701416,
            "wiki_diff_20180101_20171201": 4.404153347015381,
            "wiki_diff_20180901_20180320": 4.993680953979492,
            "wiki_diff_20190120_20181201": 4.698009014129639,
            "wiki_diff_20200101_20190201": 5.799100875854492,
            "wiki_diff_20200920_20200101": 5.7185211181640625,
            "wiki_diff_20201220_20201120": 4.351815223693848,
            "wiki_diff_20210701_20210620": 4.158873558044434,
            "wiki_diff_20220101_20211201": 4.735952854156494,
            "wiki_diff_20220501_20220420": 4.244917869567871,
            "wiki_diff_20240401_20220501": 6.106535911560059,
            "wiki_unchanged_20150112_20141208": 6.370940208435059,
            "wiki_unchanged_20150805_20150602": 6.700801849365234,
            "wiki_unchanged_20160204_20160113": 6.755053997039795,
            "wiki_unchanged_20160801_20160701": 6.728383541107178,
            "wiki_unchanged_20170101_20161201": 6.426339626312256,
            "wiki_unchanged_20170701_20170601": 6.824260711669922,
            "wiki_unchanged_20180101_20171201": 6.852423191070557,
            "wiki_unchanged_20180901_20180320": 6.749326229095459,
            "wiki_unchanged_20190120_20181201": 6.528425216674805,
            "wiki_unchanged_20200101_20190201": 6.831463813781738,
            "wiki_unchanged_20200920_20200101": 6.856009483337402,
            "wiki_unchanged_20201220_20201120": 6.9723639488220215,
            "wiki_unchanged_20210701_20210620": 7.049760818481445,
            "wiki_unchanged_20220101_20211201": 6.978545665740967,
            "wiki_unchanged_20220501_20220420": 7.235751628875732,
            "wiki_unchanged_20240401_20220501": 7.042211055755615
        }
    }
}