{
    "name": "eval_configs/downstream_evals/tic_codedocs",
    "model": "open_lm_3b",
    "creation_date": "2024_11_17-14_53_31",
    "eval_metrics": {
        "icl": {
            "numpy_201706": 10.67732048034668,
            "numpy_201801": 10.799372673034668,
            "numpy_201807": 11.13768196105957,
            "numpy_201901": 11.285585403442383,
            "numpy_201907": 11.479469299316406,
            "numpy_201912": 11.637542724609375,
            "numpy_202006": 11.586996078491211,
            "numpy_202101": 11.438044548034668,
            "numpy_202106": 11.31227970123291,
            "numpy_202112": 11.189940452575684,
            "numpy_202206": 11.211079597473145,
            "numpy_202212": 10.93697738647461,
            "numpy_202306": 10.888914108276367,
            "numpy_202309": 10.889404296875,
            "numpy_202406": 11.098405838012695,
            "numpy_202408": 10.88112735748291,
            "pytorch_202103": 10.60009765625,
            "pytorch_202106": 11.976968765258789,
            "pytorch_202110": 12.031423568725586,
            "pytorch_202203": 12.349096298217773,
            "pytorch_202206": 12.43604850769043,
            "pytorch_202210": 12.518461227416992,
            "pytorch_202303": 12.550650596618652,
            "pytorch_202310": 12.544150352478027,
            "pytorch_202401": 12.514498710632324,
            "pytorch_202404": 12.607147216796875,
            "pytorch_202407": 12.765290260314941
        }
    }
}