{
    "name": "eval_configs/downstream_evals/tic_codedocs",
    "model": "open_lm_3b_swiglutorch",
    "creation_date": "2024_11_21-01_38_53",
    "eval_metrics": {
        "icl": {
            "numpy_201706": 11.5886812210083,
            "numpy_201801": 11.736101150512695,
            "numpy_201807": 12.087225914001465,
            "numpy_201901": 12.273770332336426,
            "numpy_201907": 12.49051570892334,
            "numpy_201912": 12.729610443115234,
            "numpy_202006": 12.6683931350708,
            "numpy_202101": 12.487889289855957,
            "numpy_202106": 12.473858833312988,
            "numpy_202112": 12.196700096130371,
            "numpy_202206": 12.25583553314209,
            "numpy_202212": 11.954379081726074,
            "numpy_202306": 11.900110244750977,
            "numpy_202309": 11.901691436767578,
            "numpy_202406": 12.100381851196289,
            "numpy_202408": 11.852863311767578,
            "pytorch_202103": 13.405176162719727,
            "pytorch_202106": 15.339227676391602,
            "pytorch_202110": 15.36021614074707,
            "pytorch_202203": 15.708767890930176,
            "pytorch_202206": 15.820778846740723,
            "pytorch_202210": 16.051559448242188,
            "pytorch_202303": 15.9749116897583,
            "pytorch_202310": 15.903570175170898,
            "pytorch_202401": 15.84810733795166,
            "pytorch_202404": 15.902770042419434,
            "pytorch_202407": 16.134716033935547
        }
    }
}