{
    "name": "eval_configs/downstream_evals/tic_stackexchange",
    "model": "open_lm_3b_swiglutorch",
    "creation_date": "2024_11_21-03_01_09",
    "eval_metrics": {
        "icl": {
            "apple_20121201_20130831_ppl": 12.67021656036377,
            "apple_20130901_20140531_ppl": 13.756689071655273,
            "apple_20140601_20150331_ppl": 13.565878868103027,
            "apple_20150401_20151231_ppl": 13.757462501525879,
            "apple_20160101_20161231_ppl": 13.417326927185059,
            "apple_20170101_20180331_ppl": 13.369626998901367,
            "apple_20180401_20190930_ppl": 13.740338325500488,
            "apple_20191001_20210630_ppl": 14.223278045654297,
            "apple_20210701_20240229_ppl": 15.569779396057129,
            "codereview_20121201_20140331_ppl": 9.218697547912598,
            "codereview_20140401_20141130_ppl": 8.581329345703125,
            "codereview_20141201_20150831_ppl": 8.41099739074707,
            "codereview_20150901_20160731_ppl": 8.976905822753906,
            "codereview_20160801_20170930_ppl": 9.064322471618652,
            "codereview_20171001_20190630_ppl": 9.299029350280762,
            "codereview_20190701_20240331_ppl": 10.146049499511719,
            "electronics_20130301_20130630_ppl": 14.412049293518066,
            "electronics_20131201_20140430_ppl": 14.086437225341797,
            "electronics_20140501_20140930_ppl": 15.194023132324219,
            "electronics_20141001_20150131_ppl": 14.30846118927002,
            "electronics_20150201_20150531_ppl": 14.101258277893066,
            "electronics_20150601_20150930_ppl": 14.879009246826172,
            "electronics_20160201_20160531_ppl": 15.015288352966309,
            "electronics_20160601_20160930_ppl": 15.15042495727539,
            "electronics_20170201_20170531_ppl": 15.668503761291504,
            "electronics_20170601_20170930_ppl": 16.087411880493164,
            "electronics_20180301_20180731_ppl": 14.519630432128906,
            "electronics_20180801_20181231_ppl": 15.416558265686035,
            "electronics_20190101_20190531_ppl": 15.69881820678711,
            "electronics_20190601_20191031_ppl": 15.61304759979248,
            "electronics_20191101_20200430_ppl": 15.469067573547363,
            "electronics_20200501_20200930_ppl": 15.171487808227539,
            "electronics_20210401_20210930_ppl": 16.994075775146484,
            "electronics_20211001_20220430_ppl": 15.654542922973633,
            "electronics_20220501_20221130_ppl": 15.406503677368164,
            "electronics_20221201_20230731_ppl": 14.774910926818848,
            "electronics_20230801_20240331_ppl": 15.067438125610352,
            "english_20130601_20131031_ppl": 12.80466365814209,
            "english_20131101_20140228_ppl": 12.92264175415039,
            "english_20140301_20140531_ppl": 12.858076095581055,
            "english_20140601_20140930_ppl": 13.471128463745117,
            "english_20150101_20150430_ppl": 12.588714599609375,
            "english_20150801_20151130_ppl": 13.736331939697266,
            "english_20160401_20160831_ppl": 12.9193754196167,
            "english_20160901_20170228_ppl": 13.105680465698242,
            "english_20170301_20170930_ppl": 12.835535049438477,
            "english_20171001_20180531_ppl": 13.129738807678223,
            "english_20180601_20190131_ppl": 12.921475410461426,
            "english_20190201_20191231_ppl": 12.788263320922852,
            "english_20200101_20210331_ppl": 13.581231117248535,
            "english_20210401_20230331_ppl": 13.599159240722656,
            "gaming_20130701_20131231_ppl": 15.75727367401123,
            "gaming_20140101_20140630_ppl": 15.616079330444336,
            "gaming_20140701_20150131_ppl": 16.394453048706055,
            "gaming_20150201_20150831_ppl": 15.85222339630127,
            "gaming_20150901_20160430_ppl": 16.428003311157227,
            "gaming_20160501_20161231_ppl": 15.673815727233887,
            "gaming_20170101_20180228_ppl": 15.843894958496094,
            "gaming_20180301_20200731_ppl": 17.118526458740234,
            "gaming_20200801_20240331_ppl": 17.079200744628906,
            "math_20130501_20130531_ppl": 8.181608200073242,
            "math_20131001_20131031_ppl": 7.858964443206787,
            "math_20140301_20140331_ppl": 8.25564193725586,
            "math_20140801_20140831_ppl": 8.294962882995605,
            "math_20150101_20150131_ppl": 7.66572380065918,
            "math_20150801_20150831_ppl": 7.700315475463867,
            "math_20160201_20160229_ppl": 7.584652423858643,
            "math_20160801_20160831_ppl": 7.935854434967041,
            "math_20170101_20170131_ppl": 7.966946125030518,
            "math_20170701_20170731_ppl": 7.8255157470703125,
            "math_20180101_20180131_ppl": 7.639645099639893,
            "math_20180701_20180731_ppl": 7.599669933319092,
            "math_20190101_20190131_ppl": 7.968798637390137,
            "math_20190701_20190731_ppl": 8.155033111572266,
            "math_20200101_20200131_ppl": 7.802475452423096,
            "math_20200701_20200731_ppl": 7.742562294006348,
            "math_20201201_20210131_ppl": 7.952602386474609,
            "math_20210701_20210831_ppl": 7.731715679168701,
            "math_20220201_20220430_ppl": 8.043868064880371,
            "math_20220801_20221031_ppl": 7.645737171173096,
            "math_20230201_20230430_ppl": 7.645952224731445,
            "math_20230801_20231130_ppl": 7.959278106689453,
            "math_20231201_20240229_ppl": 7.7012128829956055,
            "worldbuilding_20140901_20150331_ppl": 15.505002975463867,
            "worldbuilding_20150401_20150930_ppl": 16.236106872558594,
            "worldbuilding_20151001_20160331_ppl": 16.147640228271484,
            "worldbuilding_20160401_20160831_ppl": 16.924114227294922,
            "worldbuilding_20160901_20161231_ppl": 16.37417221069336,
            "worldbuilding_20170101_20170531_ppl": 16.919395446777344,
            "worldbuilding_20170601_20171031_ppl": 16.64059829711914,
            "worldbuilding_20171101_20180430_ppl": 16.04517364501953,
            "worldbuilding_20180501_20180930_ppl": 16.82270622253418,
            "worldbuilding_20190401_20191130_ppl": 16.64349365234375,
            "worldbuilding_20191201_20200630_ppl": 17.18235206604004,
            "worldbuilding_20200701_20210331_ppl": 17.85810089111328,
            "worldbuilding_20210401_20211231_ppl": 17.722606658935547,
            "worldbuilding_20220101_20221130_ppl": 17.245695114135742,