{
    "name": "eval_configs/downstream_evals/tic_wiki",
    "model": "open_lm_1b",
    "creation_date": "2025_03_30-16_24_36",
    "eval_metrics": {
        "icl": {
            "wiki_diff_20150112_20141208": 5.210127353668213,
            "wiki_diff_20150805_20150602": 5.4741129875183105,
            "wiki_diff_20160204_20160113": 4.675149440765381,
            "wiki_diff_20160801_20160701": 5.042745113372803,
            "wiki_diff_20170101_20161201": 4.7817606925964355,
            "wiki_diff_20170701_20170601": 4.966963291168213,
            "wiki_diff_20180101_20171201": 4.7401251792907715,
            "wiki_diff_20180901_20180320": 5.384880542755127,
            "wiki_diff_20190120_20181201": 5.044546127319336,
            "wiki_diff_20200101_20190201": 6.300802707672119,
            "wiki_diff_20200920_20200101": 6.183991432189941,
            "wiki_diff_20201220_20201120": 4.637012004852295,
            "wiki_diff_20210701_20210620": 4.3960795402526855,
            "wiki_diff_20220101_20211201": 5.015463829040527,
            "wiki_diff_20220501_20220420": 4.4758477210998535,
            "wiki_diff_20240401_20220501": 6.571315765380859,
            "wiki_unchanged_20150112_20141208": 7.035913467407227,
            "wiki_unchanged_20150805_20150602": 7.428884029388428,
            "wiki_unchanged_20160204_20160113": 7.477498531341553,
            "wiki_unchanged_20160801_20160701": 7.458183765411377,
            "wiki_unchanged_20170101_20161201": 7.085510730743408,
            "wiki_unchanged_20170701_20170601": 7.556567668914795,
            "wiki_unchanged_20180101_20171201": 7.574191570281982,
            "wiki_unchanged_20180901_20180320": 7.452599048614502,
            "wiki_unchanged_20190120_20181201": 7.205123424530029,
            "wiki_unchanged_20200101_20190201": 7.539090633392334,
            "wiki_unchanged_20200920_20200101": 7.569510459899902,
            "wiki_unchanged_20201220_20201120": 7.699850559234619,
            "wiki_unchanged_20210701_20210620": 7.78892707824707,
            "wiki_unchanged_20220101_20211201": 7.678238868713379,
            "wiki_unchanged_20220501_20220420": 7.974142074584961,
            "wiki_unchanged_20240401_20220501": 7.757473945617676
        }
    }
}