{
    "name": "eval_configs/downstream_evals/tic_stackexchange",
    "model": "open_lm_1b",
    "creation_date": "2025_03_30-16_02_04",
    "eval_metrics": {
        "icl": {
            "apple_20121201_20130831_ppl": 13.436704635620117,
            "apple_20130901_20140531_ppl": 13.765454292297363,
            "apple_20140601_20150331_ppl": 13.4150390625,
            "apple_20150401_20151231_ppl": 13.473601341247559,
            "apple_20160101_20161231_ppl": 12.971163749694824,
            "apple_20170101_20180331_ppl": 12.37755012512207,
            "apple_20180401_20190930_ppl": 12.870458602905273,
            "apple_20191001_20210630_ppl": 13.15397834777832,
            "apple_20210701_20240229_ppl": 13.713193893432617,
            "codereview_20121201_20140331_ppl": 9.785497665405273,
            "codereview_20140401_20141130_ppl": 9.02534008026123,
            "codereview_20141201_20150831_ppl": 8.8017578125,
            "codereview_20150901_20160731_ppl": 9.361572265625,
            "codereview_20160801_20170930_ppl": 9.39710807800293,
            "codereview_20171001_20190630_ppl": 9.477655410766602,
            "codereview_20190701_20240331_ppl": 10.080544471740723,
            "electronics_20130301_20130630_ppl": 14.545555114746094,
            "electronics_20131201_20140430_ppl": 14.219368934631348,
            "electronics_20140501_20140930_ppl": 15.34774398803711,
            "electronics_20141001_20150131_ppl": 14.681266784667969,
            "electronics_20150201_20150531_ppl": 14.316325187683105,
            "electronics_20150601_20150930_ppl": 14.984500885009766,
            "electronics_20160201_20160531_ppl": 15.19047737121582,
            "electronics_20160601_20160930_ppl": 15.300924301147461,
            "electronics_20170201_20170531_ppl": 15.775607109069824,
            "electronics_20170601_20170930_ppl": 16.450237274169922,
            "electronics_20180301_20180731_ppl": 14.586910247802734,
            "electronics_20180801_20181231_ppl": 15.546520233154297,
            "electronics_20190101_20190531_ppl": 15.69111442565918,
            "electronics_20190601_20191031_ppl": 15.640839576721191,
            "electronics_20191101_20200430_ppl": 15.484678268432617,
            "electronics_20200501_20200930_ppl": 15.089520454406738,
            "electronics_20210401_20210930_ppl": 16.92364501953125,
            "electronics_20211001_20220430_ppl": 15.502193450927734,
            "electronics_20220501_20221130_ppl": 15.310306549072266,
            "electronics_20221201_20230731_ppl": 14.593269348144531,
            "electronics_20230801_20240331_ppl": 15.070747375488281,
            "english_20130601_20131031_ppl": 13.506064414978027,
            "english_20131101_20140228_ppl": 13.390782356262207,
            "english_20140301_20140531_ppl": 13.58751392364502,
            "english_20140601_20140930_ppl": 14.097168922424316,
            "english_20150101_20150430_ppl": 13.079740524291992,
            "english_20150801_20151130_ppl": 14.319889068603516,
            "english_20160401_20160831_ppl": 13.349212646484375,
            "english_20160901_20170228_ppl": 13.19421672821045,
            "english_20170301_20170930_ppl": 12.87985897064209,
            "english_20171001_20180531_ppl": 13.216693878173828,
            "english_20180601_20190131_ppl": 13.059374809265137,
            "english_20190201_20191231_ppl": 12.940581321716309,
            "english_20200101_20210331_ppl": 13.597317695617676,
            "english_20210401_20230331_ppl": 13.702422142028809,
            "gaming_20130701_20131231_ppl": 16.079368591308594,
            "gaming_20140101_20140630_ppl": 15.763005256652832,
            "gaming_20140701_20150131_ppl": 16.32748031616211,
            "gaming_20150201_20150831_ppl": 15.711960792541504,
            "gaming_20150901_20160430_ppl": 16.16590690612793,
            "gaming_20160501_20161231_ppl": 15.101861000061035,
            "gaming_20170101_20180228_ppl": 15.262022018432617,
            "gaming_20180301_20200731_ppl": 16.366924285888672,
            "gaming_20200801_20240331_ppl": 15.531028747558594,
            "math_20130501_20130531_ppl": 8.809853553771973,
            "math_20131001_20131031_ppl": 8.445828437805176,
            "math_20140301_20140331_ppl": 9.040072441101074,
            "math_20140801_20140831_ppl": 8.817705154418945,
            "math_20150101_20150131_ppl": 8.293600082397461,
            "math_20150801_20150831_ppl": 8.244955062866211,
            "math_20160201_20160229_ppl": 8.116081237792969,
            "math_20160801_20160831_ppl": 8.51012134552002,
            "math_20170101_20170131_ppl": 8.477670669555664,
            "math_20170701_20170731_ppl": 8.413020133972168,
            "math_20180101_20180131_ppl": 8.147743225097656,
            "math_20180701_20180731_ppl": 8.108292579650879,
            "math_20190101_20190131_ppl": 8.480914115905762,
            "math_20190701_20190731_ppl": 8.848355293273926,
            "math_20200101_20200131_ppl": 8.330228805541992,
            "math_20200701_20200731_ppl": 8.288497924804688,
            "math_20201201_20210131_ppl": 8.40379524230957,
            "math_20210701_20210831_ppl": 8.217784881591797,
            "math_20220201_20220430_ppl": 8.633666038513184,
            "math_20220801_20221031_ppl": 8.190921783447266,
            "math_20230201_20230430_ppl": 8.1435546875,
            "math_20230801_20231130_ppl": 8.465449333190918,
            "math_20231201_20240229_ppl": 8.16772174835205,
            "worldbuilding_20140901_20150331_ppl": 16.028507232666016,
            "worldbuilding_20150401_20150930_ppl": 16.886831283569336,
            "worldbuilding_20151001_20160331_ppl": 16.7620906829834,
            "worldbuilding_20160401_20160831_ppl": 17.577497482299805,
            "worldbuilding_20160901_20161231_ppl": 16.964996337890625,
            "worldbuilding_20170101_20170531_ppl": 17.5194034576416,
            "worldbuilding_20170601_20171031_ppl": 17.06292152404785,
            "worldbuilding_20171101_20180430_ppl": 16.444719314575195,
            "worldbuilding_20180501_20180930_ppl": 17.327911376953125,
            "worldbuilding_20190401_20191130_ppl": 16.99258041381836,
            "worldbuilding_20191201_20200630_ppl": 17.639604568481445,
            "worldbuilding_20200701_20210331_ppl": 18.1750545501709,
            "worldbuilding_20210401_20211231_ppl": 18.071434020996094,
            "worldbuilding_20220101_20221130_ppl": 17.549789428710938,