{
    "name": "eval_configs/downstream_evals/tic_codedocs",
    "model": "open_lm_1b",
    "creation_date": "2025_03_30-15_23_32",
    "eval_metrics": {
        "icl": {
            "numpy_201706": 11.866142272949219,
            "numpy_201801": 11.999443054199219,
            "numpy_201807": 12.346579551696777,
            "numpy_201901": 12.58481216430664,
            "numpy_201907": 12.754448890686035,
            "numpy_201912": 12.904221534729004,
            "numpy_202006": 12.886792182922363,
            "numpy_202101": 12.572295188903809,
            "numpy_202106": 12.410155296325684,
            "numpy_202112": 12.299257278442383,
            "numpy_202206": 12.34610366821289,
            "numpy_202212": 12.070104598999023,
            "numpy_202306": 12.018250465393066,
            "numpy_202309": 12.01949405670166,
            "numpy_202406": 12.078954696655273,
            "numpy_202408": 11.855452537536621,
            "pytorch_202103": 10.620570182800293,
            "pytorch_202106": 11.920280456542969,
            "pytorch_202110": 12.001175880432129,
            "pytorch_202203": 12.326444625854492,
            "pytorch_202206": 12.433911323547363,
            "pytorch_202210": 12.476598739624023,
            "pytorch_202303": 12.54644775390625,
            "pytorch_202310": 12.549938201904297,
            "pytorch_202401": 12.519025802612305,
            "pytorch_202404": 12.619497299194336,
            "pytorch_202407": 12.78451919555664
        }
    }
}