{
    "name": "eval_configs/downstream_evals/tic_stackexchange",
    "model": "open_lm_3b",
    "creation_date": "2024_11_19-05_22_40",
    "eval_metrics": {
        "icl": {
            "apple_20121201_20130831_ppl": 12.05533218383789,
            "apple_20130901_20140531_ppl": 12.769571304321289,
            "apple_20140601_20150331_ppl": 12.371365547180176,
            "apple_20150401_20151231_ppl": 12.517481803894043,
            "apple_20160101_20161231_ppl": 12.04885482788086,
            "apple_20170101_20180331_ppl": 11.606730461120605,
            "apple_20180401_20190930_ppl": 12.221484184265137,
            "apple_20191001_20210630_ppl": 12.609915733337402,
            "apple_20210701_20240229_ppl": 13.54944133758545,
            "codereview_20121201_20140331_ppl": 8.933025360107422,
            "codereview_20140401_20141130_ppl": 8.301766395568848,
            "codereview_20141201_20150831_ppl": 8.100563049316406,
            "codereview_20150901_20160731_ppl": 8.62386703491211,
            "codereview_20160801_20170930_ppl": 8.718362808227539,
            "codereview_20171001_20190630_ppl": 8.844622611999512,
            "codereview_20190701_20240331_ppl": 9.420331001281738,
            "electronics_20130301_20130630_ppl": 13.491902351379395,
            "electronics_20131201_20140430_ppl": 13.177238464355469,
            "electronics_20140501_20140930_ppl": 14.301680564880371,
            "electronics_20141001_20150131_ppl": 13.51990032196045,
            "electronics_20150201_20150531_ppl": 13.28123664855957,
            "electronics_20150601_20150930_ppl": 14.008773803710938,
            "electronics_20160201_20160531_ppl": 14.111799240112305,
            "electronics_20160601_20160930_ppl": 14.274036407470703,
            "electronics_20170201_20170531_ppl": 14.725017547607422,
            "electronics_20170601_20170930_ppl": 15.274308204650879,
            "electronics_20180301_20180731_ppl": 13.677059173583984,
            "electronics_20180801_20181231_ppl": 14.551501274108887,
            "electronics_20190101_20190531_ppl": 14.71303939819336,
            "electronics_20190601_20191031_ppl": 14.602943420410156,
            "electronics_20191101_20200430_ppl": 14.567639350891113,
            "electronics_20200501_20200930_ppl": 14.21041202545166,
            "electronics_20210401_20210930_ppl": 15.97763729095459,
            "electronics_20211001_20220430_ppl": 14.649237632751465,
            "electronics_20220501_20221130_ppl": 14.47494888305664,
            "electronics_20221201_20230731_ppl": 13.75564193725586,
            "electronics_20230801_20240331_ppl": 14.148137092590332,
            "english_20130601_20131031_ppl": 12.146960258483887,
            "english_20131101_20140228_ppl": 12.13659381866455,
            "english_20140301_20140531_ppl": 12.082902908325195,
            "english_20140601_20140930_ppl": 12.697617530822754,
            "english_20150101_20150430_ppl": 11.901193618774414,
            "english_20150801_20151130_ppl": 12.941827774047852,
            "english_20160401_20160831_ppl": 12.100232124328613,
            "english_20160901_20170228_ppl": 12.151918411254883,
            "english_20170301_20170930_ppl": 11.798542022705078,
            "english_20171001_20180531_ppl": 12.097844123840332,
            "english_20180601_20190131_ppl": 12.06757926940918,
            "english_20190201_20191231_ppl": 11.785710334777832,
            "english_20200101_20210331_ppl": 12.72855281829834,
            "english_20210401_20230331_ppl": 12.698980331420898,
            "gaming_20130701_20131231_ppl": 14.633993148803711,
            "gaming_20140101_20140630_ppl": 14.377062797546387,
            "gaming_20140701_20150131_ppl": 14.986011505126953,
            "gaming_20150201_20150831_ppl": 14.538500785827637,
            "gaming_20150901_20160430_ppl": 15.000009536743164,
            "gaming_20160501_20161231_ppl": 14.070470809936523,
            "gaming_20170101_20180228_ppl": 14.5339937210083,
            "gaming_20180301_20200731_ppl": 15.559739112854004,
            "gaming_20200801_20240331_ppl": 15.131535530090332,
            "math_20130501_20130531_ppl": 7.802478313446045,
            "math_20131001_20131031_ppl": 7.533840179443359,
            "math_20140301_20140331_ppl": 7.967043876647949,
            "math_20140801_20140831_ppl": 7.844571113586426,
            "math_20150101_20150131_ppl": 7.379299640655518,
            "math_20150801_20150831_ppl": 7.365747451782227,
            "math_20160201_20160229_ppl": 7.252715110778809,
            "math_20160801_20160831_ppl": 7.5815606117248535,
            "math_20170101_20170131_ppl": 7.512621879577637,
            "math_20170701_20170731_ppl": 7.515036106109619,
            "math_20180101_20180131_ppl": 7.301186561584473,
            "math_20180701_20180731_ppl": 7.2301716804504395,
            "math_20190101_20190131_ppl": 7.548891544342041,
            "math_20190701_20190731_ppl": 7.780135631561279,
            "math_20200101_20200131_ppl": 7.450772285461426,
            "math_20200701_20200731_ppl": 7.384682655334473,
            "math_20201201_20210131_ppl": 7.487094879150391,
            "math_20210701_20210831_ppl": 7.376573085784912,
            "math_20220201_20220430_ppl": 7.657900333404541,
            "math_20220801_20221031_ppl": 7.295841217041016,
            "math_20230201_20230430_ppl": 7.273514747619629,
            "math_20230801_20231130_ppl": 7.611823081970215,
            "math_20231201_20240229_ppl": 7.403070449829102,
            "worldbuilding_20140901_20150331_ppl": 14.856269836425781,
            "worldbuilding_20150401_20150930_ppl": 15.6102933883667,
            "worldbuilding_20151001_20160331_ppl": 15.540996551513672,
            "worldbuilding_20160401_20160831_ppl": 16.295534133911133,
            "worldbuilding_20160901_20161231_ppl": 15.685824394226074,
            "worldbuilding_20170101_20170531_ppl": 16.217348098754883,
            "worldbuilding_20170601_20171031_ppl": 15.889591217041016,
            "worldbuilding_20171101_20180430_ppl": 15.231575965881348,
            "worldbuilding_20180501_20180930_ppl": 16.09864044189453,
            "worldbuilding_20190401_20191130_ppl": 15.76565170288086,
            "worldbuilding_20191201_20200630_ppl": 16.356481552124023,
            "worldbuilding_20200701_20210331_ppl": 16.973398208618164,
            "worldbuilding_20210401_20211231_ppl": 16.842411041259766,
            "worldbuilding_20220101_20221130_ppl": 16.39812660217285,