{
    "name": "eval_configs/downstream_evals/tic_wiki",
    "model": "open_lm_3b",
    "creation_date": "2024_11_19-03_51_23",
    "eval_metrics": {
        "icl": {
            "wiki_diff_20150112_20141208": 4.852084636688232,
            "wiki_diff_20150805_20150602": 5.094401836395264,
            "wiki_diff_20160204_20160113": 4.397197723388672,
            "wiki_diff_20160801_20160701": 4.733335971832275,
            "wiki_diff_20170101_20161201": 4.508522987365723,
            "wiki_diff_20170701_20170601": 4.682358741760254,
            "wiki_diff_20180101_20171201": 4.4736199378967285,
            "wiki_diff_20180901_20180320": 5.068495750427246,
            "wiki_diff_20190120_20181201": 4.791543960571289,
            "wiki_diff_20200101_20190201": 5.945821285247803,
            "wiki_diff_20200920_20200101": 5.902029991149902,
            "wiki_diff_20201220_20201120": 4.498039722442627,
            "wiki_diff_20210701_20210620": 4.299317836761475,
            "wiki_diff_20220101_20211201": 4.896388530731201,
            "wiki_diff_20220501_20220420": 4.373358249664307,
            "wiki_diff_20240401_20220501": 6.281321048736572,
            "wiki_unchanged_20150112_20141208": 6.4431071281433105,
            "wiki_unchanged_20150805_20150602": 6.781933784484863,
            "wiki_unchanged_20160204_20160113": 6.838589191436768,
            "wiki_unchanged_20160801_20160701": 6.810649871826172,
            "wiki_unchanged_20170101_20161201": 6.504984378814697,
            "wiki_unchanged_20170701_20170601": 6.922461032867432,
            "wiki_unchanged_20180101_20171201": 6.929198265075684,
            "wiki_unchanged_20180901_20180320": 6.844793796539307,
            "wiki_unchanged_20190120_20181201": 6.624944686889648,
            "wiki_unchanged_20200101_20190201": 6.933797836303711,
            "wiki_unchanged_20200920_20200101": 6.961386680603027,
            "wiki_unchanged_20201220_20201120": 7.092656135559082,
            "wiki_unchanged_20210701_20210620": 7.198596954345703,
            "wiki_unchanged_20220101_20211201": 7.097835540771484,
            "wiki_unchanged_20220501_20220420": 7.3859782218933105,
            "wiki_unchanged_20240401_20220501": 7.185609340667725
        }
    }
}