{
    "name": "eval_configs/downstream_evals/tic_codedocs",
    "model": "open_lm_3b",
    "creation_date": "2024_11_19-04_01_50",
    "eval_metrics": {
        "icl": {
            "numpy_201706": 10.809977531433105,
            "numpy_201801": 10.924466133117676,
            "numpy_201807": 11.340665817260742,
            "numpy_201901": 11.44602108001709,
            "numpy_201907": 11.62624740600586,
            "numpy_201912": 11.790054321289062,
            "numpy_202006": 11.816349029541016,
            "numpy_202101": 11.56865406036377,
            "numpy_202106": 11.598424911499023,
            "numpy_202112": 11.424158096313477,
            "numpy_202206": 11.465956687927246,
            "numpy_202212": 11.015484809875488,
            "numpy_202306": 10.973612785339355,
            "numpy_202309": 10.974867820739746,
            "numpy_202406": 11.21726131439209,
            "numpy_202408": 11.022073745727539,
            "pytorch_202103": 11.581174850463867,
            "pytorch_202106": 12.964682579040527,
            "pytorch_202110": 13.031427383422852,
            "pytorch_202203": 13.36931324005127,
            "pytorch_202206": 13.463968276977539,
            "pytorch_202210": 13.616552352905273,
            "pytorch_202303": 13.57440185546875,
            "pytorch_202310": 13.568160057067871,
            "pytorch_202401": 13.530096054077148,
            "pytorch_202404": 13.604939460754395,
            "pytorch_202407": 13.794178009033203
        }
    }
}